Checking "python3" ...
Python 3.11.16
"python3" has been detected
Activating ESP-IDF 5.5
Setting IDF_PATH to '/Users/joy/esp/esp-idf-v5.5.2'.
* Checking python version ... 3.11.16
* Checking python dependencies ... OK
* Deactivating the current ESP-IDF environment (if any) ... OK
* Establishing a new ESP-IDF environment ... OK
* Identifying shell ... bash
* Detecting outdated tools in system ... OK - no outdated tools found
* Shell completion ... Autocompletion code generated
WARNING: Failed to load shell autocompletion for bash version: 3.2.57(1)-release!

Done! You can now compile ESP-IDF projects.
Go to the project directory and run:

  idf.py build
PASS: cached configuration is XIAO8MB/Octal/noUART
Executing action: all (aliases: build)
Running ninja in directory /Users/joy/projects/LMic/firmware/build
Executing "ninja all"...
[0/1] Re-running CMake...
-- Minimal build - OFF
-- Building ESP-IDF components for target esp32s3
NOTICE: Processing 5 dependencies:
NOTICE: [1/5] espressif/dl_fft (0.7.0)
NOTICE: [2/5] espressif/esp-dsp (1.6.0)
NOTICE: [3/5] espressif/esp-sr (2.2.0)
NOTICE: [4/5] espressif/tinyusb (0.18.0~6)
NOTICE: [5/5] idf (5.5.2)
-- ESP-TEE is currently supported only on the esp32c6;esp32h2;esp32c5 SoCs
-- Project sdkconfig file /Users/joy/projects/LMic/firmware/sdkconfig
Loading defaults file /Users/joy/projects/LMic/firmware/sdkconfig.defaults...
-- Compiler supported targets: xtensa-esp-elf
-- USING O3
-- App "voicekey" version: 9b18a6c-dirty
-- Adding linker script /Users/joy/projects/LMic/firmware/build/esp-idf/esp_system/ld/memory.ld
-- Adding linker script /Users/joy/projects/LMic/firmware/build/esp-idf/esp_system/ld/sections.ld.in
-- Adding linker script /Users/joy/esp/esp-idf-v5.5.2/components/esp_rom/esp32s3/ld/esp32s3.rom.ld
-- Adding linker script /Users/joy/esp/esp-idf-v5.5.2/components/esp_rom/esp32s3/ld/esp32s3.rom.api.ld
-- Adding linker script /Users/joy/esp/esp-idf-v5.5.2/components/esp_rom/esp32s3/ld/esp32s3.rom.bt_funcs.ld
-- Adding linker script /Users/joy/esp/esp-idf-v5.5.2/components/esp_rom/esp32s3/ld/esp32s3.rom.libgcc.ld
-- Adding linker script /Users/joy/esp/esp-idf-v5.5.2/components/esp_rom/esp32s3/ld/esp32s3.rom.wdt.ld
-- Adding linker script /Users/joy/esp/esp-idf-v5.5.2/components/esp_rom/esp32s3/ld/esp32s3.rom.version.ld
-- Adding linker script /Users/joy/esp/esp-idf-v5.5.2/components/esp_rom/esp32s3/ld/esp32s3.rom.ble_master.ld
-- Adding linker script /Users/joy/esp/esp-idf-v5.5.2/components/esp_rom/esp32s3/ld/esp32s3.rom.ble_50.ld
-- Adding linker script /Users/joy/esp/esp-idf-v5.5.2/components/esp_rom/esp32s3/ld/esp32s3.rom.ble_smp.ld
-- Adding linker script /Users/joy/esp/esp-idf-v5.5.2/components/esp_rom/esp32s3/ld/esp32s3.rom.ble_dtm.ld
-- Adding linker script /Users/joy/esp/esp-idf-v5.5.2/components/esp_rom/esp32s3/ld/esp32s3.rom.ble_test.ld
-- Adding linker script /Users/joy/esp/esp-idf-v5.5.2/components/esp_rom/esp32s3/ld/esp32s3.rom.ble_scan.ld
-- Adding linker script /Users/joy/esp/esp-idf-v5.5.2/components/esp_rom/esp32s3/ld/esp32s3.rom.libc.ld
-- Adding linker script /Users/joy/esp/esp-idf-v5.5.2/components/esp_rom/esp32s3/ld/esp32s3.rom.newlib.ld
-- Adding linker script /Users/joy/esp/esp-idf-v5.5.2/components/soc/esp32s3/ld/esp32s3.peripherals.ld
-- Component idf::voicekey_usb will be linked with -Wl,--whole-archive
-- Components: app_trace app_update bootloader bootloader_support bt cmock console cxx driver efuse esp-tls esp_adc esp_app_format esp_bootloader_format esp_coex esp_common esp_driver_ana_cmpr esp_driver_bitscrambler esp_driver_cam esp_driver_dac esp_driver_gpio esp_driver_gptimer esp_driver_i2c esp_driver_i2s esp_driver_isp esp_driver_jpeg esp_driver_ledc esp_driver_mcpwm esp_driver_parlio esp_driver_pcnt esp_driver_ppa esp_driver_rmt esp_driver_sdio esp_driver_sdm esp_driver_sdmmc esp_driver_sdspi esp_driver_spi esp_driver_touch_sens esp_driver_tsens esp_driver_twai esp_driver_uart esp_driver_usb_serial_jtag esp_eth esp_event esp_gdbstub esp_hid esp_http_client esp_http_server esp_https_ota esp_https_server esp_hw_support esp_lcd esp_local_ctrl esp_mm esp_netif esp_netif_stack esp_partition esp_phy esp_pm esp_psram esp_ringbuf esp_rom esp_security esp_system esp_timer esp_vfs_console esp_wifi espcoredump espressif__dl_fft espressif__esp-dsp espressif__esp-sr espressif__tinyusb esptool_py fatfs freertos hal heap http_parser idf_test ieee802154 json log lwip main mbedtls mqtt newlib nvs_flash nvs_sec_provider openthread partition_table perfmon protobuf-c protocomm pthread rt sdmmc soc spi_flash spiffs tcp_transport touch_element ulp unity usb vfs voicekey_core voicekey_usb wear_levelling wifi_provisioning wpa_supplicant xtensa
-- Component paths: /Users/joy/esp/esp-idf-v5.5.2/components/app_trace /Users/joy/esp/esp-idf-v5.5.2/components/app_update /Users/joy/esp/esp-idf-v5.5.2/components/bootloader /Users/joy/esp/esp-idf-v5.5.2/components/bootloader_support /Users/joy/esp/esp-idf-v5.5.2/components/bt /Users/joy/esp/esp-idf-v5.5.2/components/cmock /Users/joy/esp/esp-idf-v5.5.2/components/console /Users/joy/esp/esp-idf-v5.5.2/components/cxx /Users/joy/esp/esp-idf-v5.5.2/components/driver /Users/joy/esp/esp-idf-v5.5.2/components/efuse /Users/joy/esp/esp-idf-v5.5.2/components/esp-tls /Users/joy/esp/esp-idf-v5.5.2/components/esp_adc /Users/joy/esp/esp-idf-v5.5.2/components/esp_app_format /Users/joy/esp/esp-idf-v5.5.2/components/esp_bootloader_format /Users/joy/esp/esp-idf-v5.5.2/components/esp_coex /Users/joy/esp/esp-idf-v5.5.2/components/esp_common /Users/joy/esp/esp-idf-v5.5.2/components/esp_driver_ana_cmpr /Users/joy/esp/esp-idf-v5.5.2/components/esp_driver_bitscrambler /Users/joy/esp/esp-idf-v5.5.2/components/esp_driver_cam /Users/joy/esp/esp-idf-v5.5.2/components/esp_driver_dac /Users/joy/esp/esp-idf-v5.5.2/components/esp_driver_gpio /Users/joy/esp/esp-idf-v5.5.2/components/esp_driver_gptimer /Users/joy/esp/esp-idf-v5.5.2/components/esp_driver_i2c /Users/joy/esp/esp-idf-v5.5.2/components/esp_driver_i2s /Users/joy/esp/esp-idf-v5.5.2/components/esp_driver_isp /Users/joy/esp/esp-idf-v5.5.2/components/esp_driver_jpeg /Users/joy/esp/esp-idf-v5.5.2/components/esp_driver_ledc /Users/joy/esp/esp-idf-v5.5.2/components/esp_driver_mcpwm /Users/joy/esp/esp-idf-v5.5.2/components/esp_driver_parlio /Users/joy/esp/esp-idf-v5.5.2/components/esp_driver_pcnt /Users/joy/esp/esp-idf-v5.5.2/components/esp_driver_ppa /Users/joy/esp/esp-idf-v5.5.2/components/esp_driver_rmt /Users/joy/esp/esp-idf-v5.5.2/components/esp_driver_sdio /Users/joy/esp/esp-idf-v5.5.2/components/esp_driver_sdm /Users/joy/esp/esp-idf-v5.5.2/components/esp_driver_sdmmc /Users/joy/esp/esp-idf-v5.5.2/components/esp_driver_sdspi /Users/joy/esp/esp-idf-v5.5.2/components/esp_driver_spi /Users/joy/esp/esp-idf-v5.5.2/components/esp_driver_touch_sens /Users/joy/esp/esp-idf-v5.5.2/components/esp_driver_tsens /Users/joy/esp/esp-idf-v5.5.2/components/esp_driver_twai /Users/joy/esp/esp-idf-v5.5.2/components/esp_driver_uart /Users/joy/esp/esp-idf-v5.5.2/components/esp_driver_usb_serial_jtag /Users/joy/esp/esp-idf-v5.5.2/components/esp_eth /Users/joy/esp/esp-idf-v5.5.2/components/esp_event /Users/joy/esp/esp-idf-v5.5.2/components/esp_gdbstub /Users/joy/esp/esp-idf-v5.5.2/components/esp_hid /Users/joy/esp/esp-idf-v5.5.2/components/esp_http_client /Users/joy/esp/esp-idf-v5.5.2/components/esp_http_server /Users/joy/esp/esp-idf-v5.5.2/components/esp_https_ota /Users/joy/esp/esp-idf-v5.5.2/components/esp_https_server /Users/joy/esp/esp-idf-v5.5.2/components/esp_hw_support /Users/joy/esp/esp-idf-v5.5.2/components/esp_lcd /Users/joy/esp/esp-idf-v5.5.2/components/esp_local_ctrl /Users/joy/esp/esp-idf-v5.5.2/components/esp_mm /Users/joy/esp/esp-idf-v5.5.2/components/esp_netif /Users/joy/esp/esp-idf-v5.5.2/components/esp_netif_stack /Users/joy/esp/esp-idf-v5.5.2/components/esp_partition /Users/joy/esp/esp-idf-v5.5.2/components/esp_phy /Users/joy/esp/esp-idf-v5.5.2/components/esp_pm /Users/joy/esp/esp-idf-v5.5.2/components/esp_psram /Users/joy/esp/esp-idf-v5.5.2/components/esp_ringbuf /Users/joy/esp/esp-idf-v5.5.2/components/esp_rom /Users/joy/esp/esp-idf-v5.5.2/components/esp_security /Users/joy/esp/esp-idf-v5.5.2/components/esp_system /Users/joy/esp/esp-idf-v5.5.2/components/esp_timer /Users/joy/esp/esp-idf-v5.5.2/components/esp_vfs_console /Users/joy/esp/esp-idf-v5.5.2/components/esp_wifi /Users/joy/esp/esp-idf-v5.5.2/components/espcoredump /Users/joy/projects/LMic/firmware/managed_components/espressif__dl_fft /Users/joy/projects/LMic/firmware/managed_components/espressif__esp-dsp /Users/joy/projects/LMic/firmware/managed_components/espressif__esp-sr /Users/joy/projects/LMic/firmware/managed_components/espressif__tinyusb /Users/joy/esp/esp-idf-v5.5.2/components/esptool_py /Users/joy/esp/esp-idf-v5.5.2/components/fatfs /Users/joy/esp/esp-idf-v5.5.2/components/freertos /Users/joy/esp/esp-idf-v5.5.2/components/hal /Users/joy/esp/esp-idf-v5.5.2/components/heap /Users/joy/esp/esp-idf-v5.5.2/components/http_parser /Users/joy/esp/esp-idf-v5.5.2/components/idf_test /Users/joy/esp/esp-idf-v5.5.2/components/ieee802154 /Users/joy/esp/esp-idf-v5.5.2/components/json /Users/joy/esp/esp-idf-v5.5.2/components/log /Users/joy/esp/esp-idf-v5.5.2/components/lwip /Users/joy/projects/LMic/firmware/main /Users/joy/esp/esp-idf-v5.5.2/components/mbedtls /Users/joy/esp/esp-idf-v5.5.2/components/mqtt /Users/joy/esp/esp-idf-v5.5.2/components/newlib /Users/joy/esp/esp-idf-v5.5.2/components/nvs_flash /Users/joy/esp/esp-idf-v5.5.2/components/nvs_sec_provider /Users/joy/esp/esp-idf-v5.5.2/components/openthread /Users/joy/esp/esp-idf-v5.5.2/components/partition_table /Users/joy/esp/esp-idf-v5.5.2/components/perfmon /Users/joy/esp/esp-idf-v5.5.2/components/protobuf-c /Users/joy/esp/esp-idf-v5.5.2/components/protocomm /Users/joy/esp/esp-idf-v5.5.2/components/pthread /Users/joy/esp/esp-idf-v5.5.2/components/rt /Users/joy/esp/esp-idf-v5.5.2/components/sdmmc /Users/joy/esp/esp-idf-v5.5.2/components/soc /Users/joy/esp/esp-idf-v5.5.2/components/spi_flash /Users/joy/esp/esp-idf-v5.5.2/components/spiffs /Users/joy/esp/esp-idf-v5.5.2/components/tcp_transport /Users/joy/esp/esp-idf-v5.5.2/components/touch_element /Users/joy/esp/esp-idf-v5.5.2/components/ulp /Users/joy/esp/esp-idf-v5.5.2/components/unity /Users/joy/esp/esp-idf-v5.5.2/components/usb /Users/joy/esp/esp-idf-v5.5.2/components/vfs /Users/joy/projects/LMic/firmware/components/voicekey_core /Users/joy/projects/LMic/firmware/components/voicekey_usb /Users/joy/esp/esp-idf-v5.5.2/components/wear_levelling /Users/joy/esp/esp-idf-v5.5.2/components/wifi_provisioning /Users/joy/esp/esp-idf-v5.5.2/components/wpa_supplicant /Users/joy/esp/esp-idf-v5.5.2/components/xtensa
-- Configuring done (14.2s)
-- Generating done (1.5s)
-- Build files have been written to: /Users/joy/projects/LMic/firmware/build
[1/1241] Move and Pack models...
Recommended model partition size: 285K
[2/1241] Generating /Users/joy/projects/LMic/firmware/build/esp-idf/esp_system/ld/sections.ld.in linker script...
[3/1241] Generating /Users/joy/projects/LMic/firmware/build/esp-idf/esp_system/ld/memory.ld linker script...
[4/1241] Building C object esp-idf/esp_http_server/CMakeFiles/__idf_esp_http_server.dir/src/httpd_sess.c.obj
[5/1241] Building C object esp-idf/esp_http_server/CMakeFiles/__idf_esp_http_server.dir/src/httpd_main.c.obj
[6/1241] Building C object esp-idf/esp_http_server/CMakeFiles/__idf_esp_http_server.dir/src/httpd_txrx.c.obj
[7/1241] Building C object esp-idf/esp_http_server/CMakeFiles/__idf_esp_http_server.dir/src/httpd_parse.c.obj
[8/1241] Building C object esp-idf/esp_https_ota/CMakeFiles/__idf_esp_https_ota.dir/src/esp_https_ota.c.obj
[9/1241] Linking C static library esp-idf/esp_https_ota/libesp_https_ota.a
[10/1241] Building C object esp-idf/esp_http_server/CMakeFiles/__idf_esp_http_server.dir/src/httpd_ws.c.obj
[11/1241] Building C object esp-idf/esp_http_server/CMakeFiles/__idf_esp_http_server.dir/src/util/ctrl_sock.c.obj
[12/1241] Building C object esp-idf/esp_http_server/CMakeFiles/__idf_esp_http_server.dir/src/httpd_uri.c.obj
[13/1241] Linking C static library esp-idf/esp_http_server/libesp_http_server.a
[14/1241] Building C object esp-idf/esp_http_client/CMakeFiles/__idf_esp_http_client.dir/lib/http_header.c.obj
[15/1241] Building C object esp-idf/esp_http_client/CMakeFiles/__idf_esp_http_client.dir/lib/http_utils.c.obj
[16/1241] Building C object esp-idf/esp_http_client/CMakeFiles/__idf_esp_http_client.dir/lib/http_auth.c.obj
[17/1241] Building C object esp-idf/tcp_transport/CMakeFiles/__idf_tcp_transport.dir/transport_internal.c.obj
[18/1241] Building C object esp-idf/tcp_transport/CMakeFiles/__idf_tcp_transport.dir/transport_socks_proxy.c.obj
[19/1241] Building C object esp-idf/tcp_transport/CMakeFiles/__idf_tcp_transport.dir/transport.c.obj
[20/1241] Building C object esp-idf/tcp_transport/CMakeFiles/__idf_tcp_transport.dir/transport_ssl.c.obj
[21/1241] Building C object esp-idf/esp_http_client/CMakeFiles/__idf_esp_http_client.dir/esp_http_client.c.obj
[22/1241] Linking C static library esp-idf/esp_http_client/libesp_http_client.a
[23/1241] Building C object esp-idf/esp_psram/CMakeFiles/__idf_esp_psram.dir/esp32s3/esp_psram_impl_octal.c.obj
[24/1241] Building C object esp-idf/esp_psram/CMakeFiles/__idf_esp_psram.dir/xip_impl/mmu_psram_flash.c.obj
[25/1241] Building C object esp-idf/esp_psram/CMakeFiles/__idf_esp_psram.dir/system_layer/esp_psram.c.obj
[26/1241] Building C object esp-idf/esp_adc/CMakeFiles/__idf_esp_adc.dir/adc_cali.c.obj
[27/1241] Building C object esp-idf/esp_adc/CMakeFiles/__idf_esp_adc.dir/adc_cali_curve_fitting.c.obj
[28/1241] Building C object esp-idf/esp_adc/CMakeFiles/__idf_esp_adc.dir/adc_common.c.obj
[29/1241] Building C object esp-idf/esp_adc/CMakeFiles/__idf_esp_adc.dir/deprecated/esp_adc_cal_common_legacy.c.obj
[30/1241] Building C object esp-idf/esp_adc/CMakeFiles/__idf_esp_adc.dir/adc_oneshot.c.obj
[31/1241] Building C object esp-idf/tcp_transport/CMakeFiles/__idf_tcp_transport.dir/transport_ws.c.obj
[32/1241] Linking C static library esp-idf/tcp_transport/libtcp_transport.a
[33/1241] Building C object esp-idf/esp_adc/CMakeFiles/__idf_esp_adc.dir/gdma/adc_dma.c.obj
[34/1241] Building C object esp-idf/esp_adc/CMakeFiles/__idf_esp_adc.dir/adc_filter.c.obj
[35/1241] Building C object esp-idf/esp_adc/CMakeFiles/__idf_esp_adc.dir/esp32s3/curve_fitting_coefficients.c.obj
[36/1241] Building C object esp-idf/esp_adc/CMakeFiles/__idf_esp_adc.dir/adc_monitor.c.obj
[37/1241] Linking C static library esp-idf/esp_psram/libesp_psram.a
[38/1241] Building C object esp-idf/esp_adc/CMakeFiles/__idf_esp_adc.dir/adc_continuous.c.obj
[39/1241] Building C object esp-idf/esp_adc/CMakeFiles/__idf_esp_adc.dir/deprecated/esp32s3/esp_adc_cal_legacy.c.obj
[40/1241] Building C object esp-idf/esp-tls/CMakeFiles/__idf_esp-tls.dir/esp_tls_platform_port.c.obj
[41/1241] Building C object esp-idf/esp-tls/CMakeFiles/__idf_esp-tls.dir/esp-tls-crypto/esp_tls_crypto.c.obj
[42/1241] Linking C static library esp-idf/esp_adc/libesp_adc.a
[43/1241] Building C object esp-idf/esp-tls/CMakeFiles/__idf_esp-tls.dir/esp_tls_error_capture.c.obj
[44/1241] Building C object esp-idf/esp-tls/CMakeFiles/__idf_esp-tls.dir/esp_tls.c.obj
[45/1241] Building C object esp-idf/driver/CMakeFiles/__idf_driver.dir/deprecated/adc_legacy.c.obj
[46/1241] Building C object esp-idf/esp-tls/CMakeFiles/__idf_esp-tls.dir/esp_tls_mbedtls.c.obj
[47/1241] Building C object esp-idf/driver/CMakeFiles/__idf_driver.dir/deprecated/adc_dma_legacy.c.obj
[48/1241] Linking C static library esp-idf/esp-tls/libesp-tls.a
[49/1241] Building C object esp-idf/http_parser/CMakeFiles/__idf_http_parser.dir/http_parser.c.obj
[50/1241] Building C object esp-idf/driver/CMakeFiles/__idf_driver.dir/deprecated/timer_legacy.c.obj
[51/1241] Building C object esp-idf/driver/CMakeFiles/__idf_driver.dir/i2c/i2c.c.obj
[52/1241] Building C object esp-idf/driver/CMakeFiles/__idf_driver.dir/deprecated/i2s_legacy.c.obj
[53/1241] Building C object esp-idf/driver/CMakeFiles/__idf_driver.dir/deprecated/pcnt_legacy.c.obj
[54/1241] Building C object esp-idf/driver/CMakeFiles/__idf_driver.dir/deprecated/sigma_delta_legacy.c.obj
[55/1241] Building C object esp-idf/driver/CMakeFiles/__idf_driver.dir/deprecated/rtc_temperature_legacy.c.obj
[56/1241] Building C object esp-idf/driver/CMakeFiles/__idf_driver.dir/deprecated/mcpwm_legacy.c.obj
[57/1241] Linking C static library esp-idf/http_parser/libhttp_parser.a
[58/1241] Building C object esp-idf/driver/CMakeFiles/__idf_driver.dir/touch_sensor/touch_sensor_common.c.obj
[59/1241] Building C object esp-idf/esp_driver_twai/CMakeFiles/__idf_esp_driver_twai.dir/esp_twai.c.obj
[60/1241] Building C object esp-idf/driver/CMakeFiles/__idf_driver.dir/twai/twai.c.obj
[61/1241] Building C object esp-idf/driver/CMakeFiles/__idf_driver.dir/deprecated/rmt_legacy.c.obj
[62/1241] Building C object esp-idf/driver/CMakeFiles/__idf_driver.dir/touch_sensor/esp32s3/touch_sensor.c.obj
[63/1241] Building C object esp-idf/esp_driver_twai/CMakeFiles/__idf_esp_driver_twai.dir/esp_twai_onchip.c.obj
[64/1241] Linking C static library esp-idf/driver/libdriver.a
[65/1241] Linking C static library esp-idf/esp_driver_twai/libesp_driver_twai.a
[66/1241] Building C object esp-idf/esp_driver_i2c/CMakeFiles/__idf_esp_driver_i2c.dir/i2c_common.c.obj
[67/1241] Building C object esp-idf/esp_driver_sdm/CMakeFiles/__idf_esp_driver_sdm.dir/src/sdm.c.obj
[68/1241] Building C object esp-idf/esp_driver_i2c/CMakeFiles/__idf_esp_driver_i2c.dir/i2c_slave.c.obj
[69/1241] Building C object esp-idf/esp_driver_tsens/CMakeFiles/__idf_esp_driver_tsens.dir/src/temperature_sensor.c.obj
[70/1241] Building C object esp-idf/esp_driver_i2c/CMakeFiles/__idf_esp_driver_i2c.dir/i2c_master.c.obj
[71/1241] Building C object esp-idf/esp_driver_ledc/CMakeFiles/__idf_esp_driver_ledc.dir/src/ledc.c.obj
[72/1241] Building C object esp-idf/esp_driver_rmt/CMakeFiles/__idf_esp_driver_rmt.dir/src/rmt_encoder.c.obj
[73/1241] Linking C static library esp-idf/esp_driver_ledc/libesp_driver_ledc.a
[74/1241] Building C object esp-idf/esp_driver_rmt/CMakeFiles/__idf_esp_driver_rmt.dir/src/rmt_encoder_bytes.c.obj
[75/1241] Building C object esp-idf/esp_driver_rmt/CMakeFiles/__idf_esp_driver_rmt.dir/src/rmt_common.c.obj
[76/1241] Linking C static library esp-idf/esp_driver_i2c/libesp_driver_i2c.a
[77/1241] Building C object esp-idf/esp_driver_rmt/CMakeFiles/__idf_esp_driver_rmt.dir/src/rmt_encoder_copy.c.obj
[78/1241] Performing build step for 'bootloader'
[0/1] Re-running CMake...
-- Minimal build - OFF
-- Building ESP-IDF components for target esp32s3
-- ESP-TEE is currently supported only on the esp32c6;esp32h2;esp32c5 SoCs
-- Project sdkconfig file /Users/joy/projects/LMic/firmware/sdkconfig
-- Compiler supported targets: xtensa-esp-elf
-- Adding linker script /Users/joy/esp/esp-idf-v5.5.2/components/soc/esp32s3/ld/esp32s3.peripherals.ld
-- Bootloader project name: "bootloader" version: 1
-- Adding linker script /Users/joy/esp/esp-idf-v5.5.2/components/esp_rom/esp32s3/ld/esp32s3.rom.ld
-- Adding linker script /Users/joy/esp/esp-idf-v5.5.2/components/esp_rom/esp32s3/ld/esp32s3.rom.api.ld
-- Adding linker script /Users/joy/esp/esp-idf-v5.5.2/components/esp_rom/esp32s3/ld/esp32s3.rom.bt_funcs.ld
-- Adding linker script /Users/joy/esp/esp-idf-v5.5.2/components/esp_rom/esp32s3/ld/esp32s3.rom.libgcc.ld
-- Adding linker script /Users/joy/esp/esp-idf-v5.5.2/components/esp_rom/esp32s3/ld/esp32s3.rom.wdt.ld
-- Adding linker script /Users/joy/esp/esp-idf-v5.5.2/components/esp_rom/esp32s3/ld/esp32s3.rom.version.ld
-- Adding linker script /Users/joy/esp/esp-idf-v5.5.2/components/esp_rom/esp32s3/ld/esp32s3.rom.libc.ld
-- Adding linker script /Users/joy/esp/esp-idf-v5.5.2/components/esp_rom/esp32s3/ld/esp32s3.rom.newlib.ld
-- Adding linker script /Users/joy/esp/esp-idf-v5.5.2/components/bootloader/subproject/main/ld/esp32s3/bootloader.rom.ld
-- Components: bootloader bootloader_support efuse esp_app_format esp_bootloader_format esp_common esp_hw_support esp_rom esp_security esp_system esptool_py freertos hal log main micro-ecc newlib partition_table soc spi_flash xtensa
-- Component paths: /Users/joy/esp/esp-idf-v5.5.2/components/bootloader /Users/joy/esp/esp-idf-v5.5.2/components/bootloader_support /Users/joy/esp/esp-idf-v5.5.2/components/efuse /Users/joy/esp/esp-idf-v5.5.2/components/esp_app_format /Users/joy/esp/esp-idf-v5.5.2/components/esp_bootloader_format /Users/joy/esp/esp-idf-v5.5.2/components/esp_common /Users/joy/esp/esp-idf-v5.5.2/components/esp_hw_support /Users/joy/esp/esp-idf-v5.5.2/components/esp_rom /Users/joy/esp/esp-idf-v5.5.2/components/esp_security /Users/joy/esp/esp-idf-v5.5.2/components/esp_system /Users/joy/esp/esp-idf-v5.5.2/components/esptool_py /Users/joy/esp/esp-idf-v5.5.2/components/freertos /Users/joy/esp/esp-idf-v5.5.2/components/hal /Users/joy/esp/esp-idf-v5.5.2/components/log /Users/joy/esp/esp-idf-v5.5.2/components/bootloader/subproject/main /Users/joy/esp/esp-idf-v5.5.2/components/bootloader/subproject/components/micro-ecc /Users/joy/esp/esp-idf-v5.5.2/components/newlib /Users/joy/esp/esp-idf-v5.5.2/components/partition_table /Users/joy/esp/esp-idf-v5.5.2/components/soc /Users/joy/esp/esp-idf-v5.5.2/components/spi_flash /Users/joy/esp/esp-idf-v5.5.2/components/xtensa
-- Adding linker script /Users/joy/esp/esp-idf-v5.5.2/components/bootloader/subproject/main/ld/esp32s3/bootloader.ld
-- Configuring done (11.6s)
-- Generating done (0.4s)
-- Build files have been written to: /Users/joy/projects/LMic/firmware/build/bootloader
[1/2] cd /Users/joy/projects/LMic/firmware/build/bootloader/esp-idf/esptool_py && /Users/joy/.espressif/python_env/idf5.5_py3.11_env/bin/python /Users/joy/esp/esp-idf-v5.5.2/components/partition_table/check_sizes.py --offset 0x8000 bootloader 0x0 /Users/joy/projects/LMic/firmware/build/bootloader/bootloader.bin
Bootloader binary size 0x57c0 bytes. 0x2840 bytes (31%) free.
[79/1241] Linking C static library esp-idf/esp_driver_sdm/libesp_driver_sdm.a
[80/1241] Building C object esp-idf/esp_driver_sdspi/CMakeFiles/__idf_esp_driver_sdspi.dir/src/sdspi_crc.c.obj
[81/1241] Linking C static library esp-idf/esp_driver_tsens/libesp_driver_tsens.a
[82/1241] Building C object esp-idf/esp_driver_rmt/CMakeFiles/__idf_esp_driver_rmt.dir/src/rmt_encoder_simple.c.obj
[83/1241] Building C object esp-idf/esp_driver_sdspi/CMakeFiles/__idf_esp_driver_sdspi.dir/src/sdspi_transaction.c.obj
[84/1241] Building C object esp-idf/esp_driver_sdmmc/CMakeFiles/__idf_esp_driver_sdmmc.dir/src/sdmmc_transaction.c.obj
[85/1241] Building C object esp-idf/esp_driver_sdspi/CMakeFiles/__idf_esp_driver_sdspi.dir/src/sdspi_host.c.obj
[86/1241] Building C object esp-idf/esp_driver_rmt/CMakeFiles/__idf_esp_driver_rmt.dir/src/rmt_rx.c.obj
[87/1241] Building C object esp-idf/sdmmc/CMakeFiles/__idf_sdmmc.dir/sdmmc_init.c.obj
[88/1241] Building C object esp-idf/sdmmc/CMakeFiles/__idf_sdmmc.dir/sdmmc_cmd.c.obj
[89/1241] Building C object esp-idf/esp_driver_rmt/CMakeFiles/__idf_esp_driver_rmt.dir/src/rmt_tx.c.obj
[90/1241] Building C object esp-idf/sdmmc/CMakeFiles/__idf_sdmmc.dir/sdmmc_common.c.obj
[91/1241] Linking C static library esp-idf/esp_driver_rmt/libesp_driver_rmt.a
[92/1241] Building C object esp-idf/sdmmc/CMakeFiles/__idf_sdmmc.dir/sd_pwr_ctrl/sd_pwr_ctrl.c.obj
[93/1241] Building C object esp-idf/esp_driver_sdmmc/CMakeFiles/__idf_esp_driver_sdmmc.dir/src/sdmmc_host.c.obj
[94/1241] Linking C static library esp-idf/esp_driver_sdspi/libesp_driver_sdspi.a
[95/1241] Building C object esp-idf/sdmmc/CMakeFiles/__idf_sdmmc.dir/sdmmc_mmc.c.obj
[96/1241] Linking C static library esp-idf/esp_driver_sdmmc/libesp_driver_sdmmc.a
[97/1241] Building C object esp-idf/sdmmc/CMakeFiles/__idf_sdmmc.dir/sdmmc_io.c.obj
[98/1241] Building C object esp-idf/sdmmc/CMakeFiles/__idf_sdmmc.dir/sdmmc_sd.c.obj
[99/1241] Linking C static library esp-idf/sdmmc/libsdmmc.a
[100/1241] Building C object esp-idf/esp_driver_i2s/CMakeFiles/__idf_esp_driver_i2s.dir/i2s_platform.c.obj
[101/1241] Building C object esp-idf/esp_driver_i2s/CMakeFiles/__idf_esp_driver_i2s.dir/i2s_std.c.obj
[102/1241] Building C object esp-idf/esp_driver_i2s/CMakeFiles/__idf_esp_driver_i2s.dir/i2s_tdm.c.obj
[103/1241] Building C object esp-idf/esp_driver_i2s/CMakeFiles/__idf_esp_driver_i2s.dir/i2s_pdm.c.obj
[104/1241] Building C object esp-idf/esp_driver_i2s/CMakeFiles/__idf_esp_driver_i2s.dir/i2s_common.c.obj
[105/1241] Building C object esp-idf/esp_driver_mcpwm/CMakeFiles/__idf_esp_driver_mcpwm.dir/src/mcpwm_com.c.obj
[106/1241] Building C object esp-idf/esp_driver_mcpwm/CMakeFiles/__idf_esp_driver_mcpwm.dir/src/mcpwm_cmpr.c.obj
[107/1241] Building C object esp-idf/esp_driver_mcpwm/CMakeFiles/__idf_esp_driver_mcpwm.dir/src/mcpwm_fault.c.obj
[108/1241] Building C object esp-idf/esp_driver_mcpwm/CMakeFiles/__idf_esp_driver_mcpwm.dir/src/mcpwm_cap.c.obj
[109/1241] Linking C static library esp-idf/esp_driver_i2s/libesp_driver_i2s.a
[110/1241] Building C object esp-idf/esp_driver_mcpwm/CMakeFiles/__idf_esp_driver_mcpwm.dir/src/mcpwm_sync.c.obj
[111/1241] Building C object esp-idf/esp_driver_mcpwm/CMakeFiles/__idf_esp_driver_mcpwm.dir/src/mcpwm_oper.c.obj
[112/1241] Building C object esp-idf/esp_driver_mcpwm/CMakeFiles/__idf_esp_driver_mcpwm.dir/src/mcpwm_gen.c.obj
[113/1241] Building C object esp-idf/esp_driver_mcpwm/CMakeFiles/__idf_esp_driver_mcpwm.dir/src/mcpwm_timer.c.obj
[114/1241] Building C object esp-idf/esp_gdbstub/CMakeFiles/__idf_esp_gdbstub.dir/src/gdbstub_transport.c.obj
[115/1241] Building C object esp-idf/esp_gdbstub/CMakeFiles/__idf_esp_gdbstub.dir/src/packet.c.obj
[116/1241] Linking C static library esp-idf/esp_driver_mcpwm/libesp_driver_mcpwm.a
[117/1241] Building C object esp-idf/esp_gdbstub/CMakeFiles/__idf_esp_gdbstub.dir/src/gdbstub.c.obj
[118/1241] Building ASM object esp-idf/esp_gdbstub/CMakeFiles/__idf_esp_gdbstub.dir/src/port/xtensa/gdbstub-entry.S.obj
[119/1241] Building C object esp-idf/esp_gdbstub/CMakeFiles/__idf_esp_gdbstub.dir/src/port/xtensa/gdbstub_xtensa.c.obj
[120/1241] Building C object esp-idf/esp_driver_pcnt/CMakeFiles/__idf_esp_driver_pcnt.dir/src/pulse_cnt.c.obj
[121/1241] Building C object esp-idf/esp_wifi/CMakeFiles/__idf_esp_wifi.dir/src/lib_printf.c.obj
[122/1241] Linking C static library esp-idf/esp_driver_pcnt/libesp_driver_pcnt.a
[123/1241] Linking C static library esp-idf/esp_gdbstub/libesp_gdbstub.a
[124/1241] Building C object esp-idf/esp_wifi/CMakeFiles/__idf_esp_wifi.dir/src/mesh_event.c.obj
[125/1241] Building C object esp-idf/esp_driver_spi/CMakeFiles/__idf_esp_driver_spi.dir/src/gpspi/spi_slave_hd.c.obj
[126/1241] Building C object esp-idf/esp_driver_spi/CMakeFiles/__idf_esp_driver_spi.dir/src/gpspi/spi_slave.c.obj
[127/1241] Building C object esp-idf/esp_driver_spi/CMakeFiles/__idf_esp_driver_spi.dir/src/gpspi/spi_common.c.obj
[128/1241] Building C object esp-idf/esp_wifi/CMakeFiles/__idf_esp_wifi.dir/src/smartconfig.c.obj
[129/1241] Building C object esp-idf/esp_wifi/CMakeFiles/__idf_esp_wifi.dir/src/wifi_default_ap.c.obj
[130/1241] Building C object esp-idf/esp_wifi/CMakeFiles/__idf_esp_wifi.dir/src/wifi_init.c.obj
[131/1241] Building C object esp-idf/esp_wifi/CMakeFiles/__idf_esp_wifi.dir/src/wifi_netif.c.obj
[132/1241] Building C object esp-idf/esp_wifi/CMakeFiles/__idf_esp_wifi.dir/src/wifi_default.c.obj
[133/1241] Building C object esp-idf/esp_driver_spi/CMakeFiles/__idf_esp_driver_spi.dir/src/gpspi/spi_master.c.obj
[134/1241] Building C object esp-idf/esp_wifi/CMakeFiles/__idf_esp_wifi.dir/regulatory/esp_wifi_regulatory.c.obj
[135/1241] Building C object esp-idf/esp_coex/CMakeFiles/__idf_esp_coex.dir/src/coexist_debug_diagram.c.obj
[136/1241] Linking C static library esp-idf/esp_driver_spi/libesp_driver_spi.a
[137/1241] Building C object esp-idf/esp_coex/CMakeFiles/__idf_esp_coex.dir/src/coexist_debug.c.obj
[138/1241] Building C object esp-idf/esp_coex/CMakeFiles/__idf_esp_coex.dir/esp32s3/esp_coex_adapter.c.obj
[139/1241] Building C object esp-idf/esp_wifi/CMakeFiles/__idf_esp_wifi.dir/esp32s3/esp_adapter.c.obj
[140/1241] Building C object esp-idf/esp_wifi/CMakeFiles/__idf_esp_wifi.dir/src/smartconfig_ack.c.obj
[141/1241] Building C object esp-idf/wpa_supplicant/CMakeFiles/__idf_wpa_supplicant.dir/port/os_xtensa.c.obj
[142/1241] Linking C static library esp-idf/esp_wifi/libesp_wifi.a
[143/1241] Building C object esp-idf/wpa_supplicant/CMakeFiles/__idf_wpa_supplicant.dir/src/ap/ap_config.c.obj
[144/1241] Building C object esp-idf/wpa_supplicant/CMakeFiles/__idf_wpa_supplicant.dir/port/eloop.c.obj
[145/1241] Building C object esp-idf/wpa_supplicant/CMakeFiles/__idf_wpa_supplicant.dir/src/ap/ieee802_1x.c.obj
[146/1241] Building C object esp-idf/wpa_supplicant/CMakeFiles/__idf_wpa_supplicant.dir/src/ap/pmksa_cache_auth.c.obj
[147/1241] Building C object esp-idf/wpa_supplicant/CMakeFiles/__idf_wpa_supplicant.dir/src/ap/wpa_auth_ie.c.obj
[148/1241] Building C object esp-idf/wpa_supplicant/CMakeFiles/__idf_wpa_supplicant.dir/src/ap/sta_info.c.obj
[149/1241] Building C object esp-idf/wpa_supplicant/CMakeFiles/__idf_wpa_supplicant.dir/src/ap/comeback_token.c.obj
[150/1241] Building C object esp-idf/wpa_supplicant/CMakeFiles/__idf_wpa_supplicant.dir/src/ap/ieee802_11.c.obj
[151/1241] Building C object esp-idf/wpa_supplicant/CMakeFiles/__idf_wpa_supplicant.dir/src/common/dragonfly.c.obj
[152/1241] Building C object esp-idf/wpa_supplicant/CMakeFiles/__idf_wpa_supplicant.dir/src/ap/wpa_auth.c.obj
[153/1241] Building C object esp-idf/wpa_supplicant/CMakeFiles/__idf_wpa_supplicant.dir/src/utils/bitfield.c.obj
[154/1241] Building C object esp-idf/wpa_supplicant/CMakeFiles/__idf_wpa_supplicant.dir/src/crypto/aes-siv.c.obj
[155/1241] Building C object esp-idf/wpa_supplicant/CMakeFiles/__idf_wpa_supplicant.dir/src/crypto/sha256-kdf.c.obj
[156/1241] Building C object esp-idf/wpa_supplicant/CMakeFiles/__idf_wpa_supplicant.dir/src/common/wpa_common.c.obj
[157/1241] Building C object esp-idf/wpa_supplicant/CMakeFiles/__idf_wpa_supplicant.dir/src/crypto/aes-gcm.c.obj
[158/1241] Building C object esp-idf/wpa_supplicant/CMakeFiles/__idf_wpa_supplicant.dir/src/crypto/ccmp.c.obj
[159/1241] Building C object esp-idf/wpa_supplicant/CMakeFiles/__idf_wpa_supplicant.dir/src/crypto/crypto_ops.c.obj
[160/1241] Building C object esp-idf/wpa_supplicant/CMakeFiles/__idf_wpa_supplicant.dir/src/crypto/dh_group5.c.obj
[161/1241] Building C object esp-idf/wpa_supplicant/CMakeFiles/__idf_wpa_supplicant.dir/src/crypto/dh_groups.c.obj
[162/1241] Building C object esp-idf/wpa_supplicant/CMakeFiles/__idf_wpa_supplicant.dir/src/crypto/sha1-tlsprf.c.obj
[163/1241] Building C object esp-idf/wpa_supplicant/CMakeFiles/__idf_wpa_supplicant.dir/src/crypto/sha384-tlsprf.c.obj
[164/1241] Building C object esp-idf/wpa_supplicant/CMakeFiles/__idf_wpa_supplicant.dir/src/crypto/sha256-tlsprf.c.obj
[165/1241] Building C object esp-idf/wpa_supplicant/CMakeFiles/__idf_wpa_supplicant.dir/src/crypto/ms_funcs.c.obj
[166/1241] Building C object esp-idf/wpa_supplicant/CMakeFiles/__idf_wpa_supplicant.dir/src/crypto/sha256-prf.c.obj
[167/1241] Building C object esp-idf/wpa_supplicant/CMakeFiles/__idf_wpa_supplicant.dir/src/common/sae.c.obj
[168/1241] Building C object esp-idf/wpa_supplicant/CMakeFiles/__idf_wpa_supplicant.dir/src/crypto/sha384-prf.c.obj
[169/1241] Building C object esp-idf/wpa_supplicant/CMakeFiles/__idf_wpa_supplicant.dir/src/crypto/sha1-prf.c.obj
[170/1241] Building C object esp-idf/wpa_supplicant/CMakeFiles/__idf_wpa_supplicant.dir/src/crypto/sha1-tprf.c.obj
[171/1241] Building C object esp-idf/wpa_supplicant/CMakeFiles/__idf_wpa_supplicant.dir/src/crypto/md4-internal.c.obj
[172/1241] Building C object esp-idf/wpa_supplicant/CMakeFiles/__idf_wpa_supplicant.dir/src/eap_common/eap_wsc_common.c.obj
[173/1241] Building C object esp-idf/wpa_supplicant/CMakeFiles/__idf_wpa_supplicant.dir/src/eap_peer/chap.c.obj
[174/1241] Building C object esp-idf/wpa_supplicant/CMakeFiles/__idf_wpa_supplicant.dir/src/common/ieee802_11_common.c.obj
[175/1241] Building C object esp-idf/wpa_supplicant/CMakeFiles/__idf_wpa_supplicant.dir/src/eap_peer/eap_common.c.obj
[176/1241] Building C object esp-idf/wpa_supplicant/CMakeFiles/__idf_wpa_supplicant.dir/src/eap_peer/eap_peap_common.c.obj
[177/1241] Building C object esp-idf/wpa_supplicant/CMakeFiles/__idf_wpa_supplicant.dir/src/eap_peer/eap.c.obj
[178/1241] Building C object esp-idf/wpa_supplicant/CMakeFiles/__idf_wpa_supplicant.dir/src/eap_peer/eap_tls.c.obj
[179/1241] Building C object esp-idf/wpa_supplicant/CMakeFiles/__idf_wpa_supplicant.dir/src/eap_peer/eap_mschapv2.c.obj
[180/1241] Building C object esp-idf/wpa_supplicant/CMakeFiles/__idf_wpa_supplicant.dir/src/eap_peer/eap_peap.c.obj
[181/1241] Building C object esp-idf/wpa_supplicant/CMakeFiles/__idf_wpa_supplicant.dir/src/eap_peer/mschapv2.c.obj
[182/1241] Building C object esp-idf/wpa_supplicant/CMakeFiles/__idf_wpa_supplicant.dir/src/eap_peer/eap_fast_common.c.obj
[183/1241] Building C object esp-idf/wpa_supplicant/CMakeFiles/__idf_wpa_supplicant.dir/src/eap_peer/eap_tls_common.c.obj
[184/1241] Building C object esp-idf/wpa_supplicant/CMakeFiles/__idf_wpa_supplicant.dir/src/eap_peer/eap_ttls.c.obj
[185/1241] Building C object esp-idf/wpa_supplicant/CMakeFiles/__idf_wpa_supplicant.dir/src/rsn_supp/pmksa_cache.c.obj
[186/1241] Building C object esp-idf/wpa_supplicant/CMakeFiles/__idf_wpa_supplicant.dir/src/eap_peer/eap_fast_pac.c.obj
[187/1241] Building C object esp-idf/wpa_supplicant/CMakeFiles/__idf_wpa_supplicant.dir/src/rsn_supp/wpa_ie.c.obj
[188/1241] Building C object esp-idf/wpa_supplicant/CMakeFiles/__idf_wpa_supplicant.dir/src/utils/base64.c.obj
[189/1241] Building C object esp-idf/wpa_supplicant/CMakeFiles/__idf_wpa_supplicant.dir/src/utils/ext_password.c.obj
[190/1241] Building C object esp-idf/wpa_supplicant/CMakeFiles/__idf_wpa_supplicant.dir/src/eap_peer/eap_fast.c.obj
[191/1241] Building C object esp-idf/wpa_supplicant/CMakeFiles/__idf_wpa_supplicant.dir/src/utils/uuid.c.obj
[192/1241] Building C object esp-idf/wpa_supplicant/CMakeFiles/__idf_wpa_supplicant.dir/src/utils/common.c.obj
[193/1241] Building C object esp-idf/wpa_supplicant/CMakeFiles/__idf_wpa_supplicant.dir/src/utils/wpa_debug.c.obj
[194/1241] Building C object esp-idf/wpa_supplicant/CMakeFiles/__idf_wpa_supplicant.dir/src/utils/wpabuf.c.obj
[195/1241] Building C object esp-idf/wpa_supplicant/CMakeFiles/__idf_wpa_supplicant.dir/src/rsn_supp/wpa.c.obj
[196/1241] Building C object esp-idf/wpa_supplicant/CMakeFiles/__idf_wpa_supplicant.dir/src/utils/json.c.obj
[197/1241] Building C object esp-idf/wpa_supplicant/CMakeFiles/__idf_wpa_supplicant.dir/src/wps/wps.c.obj
[198/1241] Building C object esp-idf/wpa_supplicant/CMakeFiles/__idf_wpa_supplicant.dir/src/wps/wps_attr_process.c.obj
[199/1241] Building C object esp-idf/wpa_supplicant/CMakeFiles/__idf_wpa_supplicant.dir/src/wps/wps_attr_parse.c.obj
[200/1241] Building C object esp-idf/wpa_supplicant/CMakeFiles/__idf_wpa_supplicant.dir/src/wps/wps_attr_build.c.obj
[201/1241] Building C object esp-idf/wpa_supplicant/CMakeFiles/__idf_wpa_supplicant.dir/esp_supplicant/src/esp_wpa2_api_port.c.obj
[202/1241] Building C object esp-idf/wpa_supplicant/CMakeFiles/__idf_wpa_supplicant.dir/src/wps/wps_dev_attr.c.obj
[203/1241] Building C object esp-idf/wpa_supplicant/CMakeFiles/__idf_wpa_supplicant.dir/src/wps/wps_common.c.obj
[204/1241] Building C object esp-idf/wpa_supplicant/CMakeFiles/__idf_wpa_supplicant.dir/src/common/sae_pk.c.obj
[205/1241] Building C object esp-idf/wpa_supplicant/CMakeFiles/__idf_wpa_supplicant.dir/src/wps/wps_enrollee.c.obj
[206/1241] Building C object esp-idf/wpa_supplicant/CMakeFiles/__idf_wpa_supplicant.dir/esp_supplicant/src/esp_wpas_glue.c.obj
[207/1241] Building C object esp-idf/wpa_supplicant/CMakeFiles/__idf_wpa_supplicant.dir/esp_supplicant/src/esp_wpa_main.c.obj
[208/1241] Building C object esp-idf/wpa_supplicant/CMakeFiles/__idf_wpa_supplicant.dir/esp_supplicant/src/esp_common.c.obj
[209/1241] Building C object esp-idf/wpa_supplicant/CMakeFiles/__idf_wpa_supplicant.dir/esp_supplicant/src/esp_eap_client.c.obj
[210/1241] Building C object esp-idf/wpa_supplicant/CMakeFiles/__idf_wpa_supplicant.dir/esp_supplicant/src/esp_owe.c.obj
[211/1241] Building C object esp-idf/wpa_supplicant/CMakeFiles/__idf_wpa_supplicant.dir/esp_supplicant/src/esp_hostap.c.obj
[212/1241] Building C object esp-idf/wpa_supplicant/CMakeFiles/__idf_wpa_supplicant.dir/esp_supplicant/src/esp_wpa3.c.obj
[213/1241] Building C object esp-idf/wpa_supplicant/CMakeFiles/__idf_wpa_supplicant.dir/esp_supplicant/src/esp_wps.c.obj
[214/1241] Building C object esp-idf/wpa_supplicant/CMakeFiles/__idf_wpa_supplicant.dir/esp_supplicant/src/crypto/tls_mbedtls.c.obj
[215/1241] Building C object esp-idf/wpa_supplicant/CMakeFiles/__idf_wpa_supplicant.dir/esp_supplicant/src/crypto/crypto_mbedtls-bignum.c.obj
[216/1241] Building C object esp-idf/wpa_supplicant/CMakeFiles/__idf_wpa_supplicant.dir/esp_supplicant/src/crypto/crypto_mbedtls.c.obj
[217/1241] Building C object esp-idf/wpa_supplicant/CMakeFiles/__idf_wpa_supplicant.dir/esp_supplicant/src/crypto/fastpsk.c.obj
[218/1241] Building C object esp-idf/wpa_supplicant/CMakeFiles/__idf_wpa_supplicant.dir/esp_supplicant/src/crypto/crypto_mbedtls-rsa.c.obj
[219/1241] Building C object esp-idf/wpa_supplicant/CMakeFiles/__idf_wpa_supplicant.dir/src/crypto/rc4.c.obj
[220/1241] Building C object esp-idf/wpa_supplicant/CMakeFiles/__idf_wpa_supplicant.dir/esp_supplicant/src/crypto/fastpbkdf2.c.obj
[221/1241] Building C object esp-idf/wpa_supplicant/CMakeFiles/__idf_wpa_supplicant.dir/src/crypto/aes-wrap.c.obj
[222/1241] Building C object esp-idf/wpa_supplicant/CMakeFiles/__idf_wpa_supplicant.dir/src/crypto/des-internal.c.obj
[223/1241] Linking C static library esp-idf/esp_coex/libesp_coex.a
[224/1241] Building C object esp-idf/wpa_supplicant/CMakeFiles/__idf_wpa_supplicant.dir/esp_supplicant/src/crypto/crypto_mbedtls-ec.c.obj
[225/1241] Building C object esp-idf/wpa_supplicant/CMakeFiles/__idf_wpa_supplicant.dir/src/crypto/aes-ccm.c.obj
[226/1241] Building C object esp-idf/wpa_supplicant/CMakeFiles/__idf_wpa_supplicant.dir/src/crypto/aes-unwrap.c.obj
[227/1241] Building C object esp-idf/esp_netif/CMakeFiles/__idf_esp_netif.dir/esp_netif_defaults.c.obj
[228/1241] Building C object esp-idf/esp_netif/CMakeFiles/__idf_esp_netif.dir/esp_netif_objects.c.obj
[229/1241] Building C object esp-idf/esp_netif/CMakeFiles/__idf_esp_netif.dir/esp_netif_handlers.c.obj
[230/1241] Building C object esp-idf/esp_netif/CMakeFiles/__idf_esp_netif.dir/lwip/esp_netif_lwip_defaults.c.obj
[231/1241] Building C object esp-idf/esp_netif/CMakeFiles/__idf_esp_netif.dir/lwip/netif/ethernetif.c.obj
[232/1241] Building C object esp-idf/esp_netif/CMakeFiles/__idf_esp_netif.dir/lwip/netif/wlanif.c.obj
[233/1241] Building C object esp-idf/esp_netif/CMakeFiles/__idf_esp_netif.dir/lwip/esp_netif_sntp.c.obj
[234/1241] Building C object esp-idf/esp_netif/CMakeFiles/__idf_esp_netif.dir/lwip/netif/esp_pbuf_ref.c.obj
[235/1241] Building C object esp-idf/lwip/CMakeFiles/__idf_lwip.dir/apps/sntp/sntp.c.obj
[236/1241] Building C object esp-idf/lwip/CMakeFiles/__idf_lwip.dir/lwip/src/api/err.c.obj
[237/1241] Linking C static library esp-idf/wpa_supplicant/libwpa_supplicant.a
[238/1241] Building C object esp-idf/lwip/CMakeFiles/__idf_lwip.dir/lwip/src/api/api_lib.c.obj
[239/1241] Building C object esp-idf/lwip/CMakeFiles/__idf_lwip.dir/lwip/src/api/if_api.c.obj
[240/1241] Building C object esp-idf/lwip/CMakeFiles/__idf_lwip.dir/lwip/src/api/netbuf.c.obj
[241/1241] Building C object esp-idf/lwip/CMakeFiles/__idf_lwip.dir/lwip/src/api/netdb.c.obj
[242/1241] Building C object esp-idf/lwip/CMakeFiles/__idf_lwip.dir/lwip/src/api/netifapi.c.obj
[243/1241] Building C object esp-idf/lwip/CMakeFiles/__idf_lwip.dir/lwip/src/api/api_msg.c.obj
[244/1241] Building C object esp-idf/lwip/CMakeFiles/__idf_lwip.dir/lwip/src/api/tcpip.c.obj
[245/1241] Building C object esp-idf/esp_netif/CMakeFiles/__idf_esp_netif.dir/lwip/esp_netif_lwip.c.obj
[246/1241] Building C object esp-idf/lwip/CMakeFiles/__idf_lwip.dir/lwip/src/apps/netbiosns/netbiosns.c.obj
[247/1241] Building C object esp-idf/lwip/CMakeFiles/__idf_lwip.dir/lwip/src/core/def.c.obj
[248/1241] Building C object esp-idf/lwip/CMakeFiles/__idf_lwip.dir/lwip/src/apps/sntp/sntp.c.obj
[249/1241] Building C object esp-idf/lwip/CMakeFiles/__idf_lwip.dir/lwip/src/core/inet_chksum.c.obj
[250/1241] Building C object esp-idf/lwip/CMakeFiles/__idf_lwip.dir/lwip/src/core/init.c.obj
[251/1241] Building C object esp-idf/lwip/CMakeFiles/__idf_lwip.dir/lwip/src/core/mem.c.obj
[252/1241] Building C object esp-idf/lwip/CMakeFiles/__idf_lwip.dir/lwip/src/core/ip.c.obj
[253/1241] Building C object esp-idf/lwip/CMakeFiles/__idf_lwip.dir/lwip/src/core/memp.c.obj
[254/1241] Building C object esp-idf/lwip/CMakeFiles/__idf_lwip.dir/lwip/src/core/dns.c.obj
[255/1241] Building C object esp-idf/lwip/CMakeFiles/__idf_lwip.dir/lwip/src/core/sys.c.obj
[256/1241] Building C object esp-idf/lwip/CMakeFiles/__idf_lwip.dir/lwip/src/core/stats.c.obj
[257/1241] Building C object esp-idf/lwip/CMakeFiles/__idf_lwip.dir/lwip/src/core/raw.c.obj
[258/1241] Building C object esp-idf/lwip/CMakeFiles/__idf_lwip.dir/lwip/src/api/sockets.c.obj
[259/1241] Building C object esp-idf/lwip/CMakeFiles/__idf_lwip.dir/lwip/src/core/pbuf.c.obj
[260/1241] Building C object esp-idf/lwip/CMakeFiles/__idf_lwip.dir/lwip/src/core/netif.c.obj
[261/1241] Building C object esp-idf/lwip/CMakeFiles/__idf_lwip.dir/lwip/src/core/ipv4/autoip.c.obj
[262/1241] Building C object esp-idf/lwip/CMakeFiles/__idf_lwip.dir/lwip/src/core/timeouts.c.obj
[263/1241] Building C object esp-idf/lwip/CMakeFiles/__idf_lwip.dir/lwip/src/core/tcp_out.c.obj
[264/1241] Building C object esp-idf/lwip/CMakeFiles/__idf_lwip.dir/lwip/src/core/udp.c.obj
[265/1241] Building C object esp-idf/lwip/CMakeFiles/__idf_lwip.dir/lwip/src/core/tcp_in.c.obj
[266/1241] Building C object esp-idf/lwip/CMakeFiles/__idf_lwip.dir/lwip/src/core/tcp.c.obj
[267/1241] Building C object esp-idf/lwip/CMakeFiles/__idf_lwip.dir/lwip/src/core/ipv4/icmp.c.obj
[268/1241] Building C object esp-idf/lwip/CMakeFiles/__idf_lwip.dir/lwip/src/core/ipv4/etharp.c.obj
[269/1241] Building C object esp-idf/lwip/CMakeFiles/__idf_lwip.dir/lwip/src/core/ipv4/igmp.c.obj
[270/1241] Building C object esp-idf/lwip/CMakeFiles/__idf_lwip.dir/lwip/src/core/ipv4/ip4_napt.c.obj
[271/1241] Building C object esp-idf/lwip/CMakeFiles/__idf_lwip.dir/lwip/src/core/ipv4/dhcp.c.obj
[272/1241] Building C object esp-idf/lwip/CMakeFiles/__idf_lwip.dir/lwip/src/core/ipv4/ip4.c.obj
[273/1241] Building C object esp-idf/lwip/CMakeFiles/__idf_lwip.dir/lwip/src/core/ipv4/ip4_addr.c.obj
[274/1241] Building C object esp-idf/lwip/CMakeFiles/__idf_lwip.dir/lwip/src/core/ipv4/ip4_frag.c.obj
[275/1241] Building C object esp-idf/lwip/CMakeFiles/__idf_lwip.dir/lwip/src/core/ipv6/dhcp6.c.obj
[276/1241] Building C object esp-idf/lwip/CMakeFiles/__idf_lwip.dir/lwip/src/core/ipv6/ethip6.c.obj
[277/1241] Building C object esp-idf/lwip/CMakeFiles/__idf_lwip.dir/lwip/src/core/ipv6/inet6.c.obj
[278/1241] Building C object esp-idf/lwip/CMakeFiles/__idf_lwip.dir/lwip/src/core/ipv6/icmp6.c.obj
[279/1241] Building C object esp-idf/lwip/CMakeFiles/__idf_lwip.dir/lwip/src/core/ipv6/ip6_frag.c.obj
[280/1241] Building C object esp-idf/lwip/CMakeFiles/__idf_lwip.dir/lwip/src/core/ipv6/ip6_addr.c.obj
[281/1241] Building C object esp-idf/lwip/CMakeFiles/__idf_lwip.dir/lwip/src/core/ipv6/mld6.c.obj
[282/1241] Building C object esp-idf/lwip/CMakeFiles/__idf_lwip.dir/lwip/src/netif/ethernet.c.obj
[283/1241] Building C object esp-idf/lwip/CMakeFiles/__idf_lwip.dir/lwip/src/netif/bridgeif.c.obj
[284/1241] Building C object esp-idf/lwip/CMakeFiles/__idf_lwip.dir/lwip/src/core/ipv6/ip6.c.obj
[285/1241] Building C object esp-idf/lwip/CMakeFiles/__idf_lwip.dir/lwip/src/netif/bridgeif_fdb.c.obj
[286/1241] Building C object esp-idf/lwip/CMakeFiles/__idf_lwip.dir/lwip/src/netif/ppp/auth.c.obj
[287/1241] Building C object esp-idf/lwip/CMakeFiles/__idf_lwip.dir/lwip/src/netif/ppp/ccp.c.obj
[288/1241] Building C object esp-idf/lwip/CMakeFiles/__idf_lwip.dir/lwip/src/netif/ppp/chap-md5.c.obj
[289/1241] Building C object esp-idf/lwip/CMakeFiles/__idf_lwip.dir/lwip/src/netif/slipif.c.obj
[290/1241] Building C object esp-idf/lwip/CMakeFiles/__idf_lwip.dir/lwip/src/netif/ppp/chap-new.c.obj
[291/1241] Building C object esp-idf/lwip/CMakeFiles/__idf_lwip.dir/lwip/src/netif/ppp/chap_ms.c.obj
[292/1241] Building C object esp-idf/lwip/CMakeFiles/__idf_lwip.dir/lwip/src/netif/ppp/eap.c.obj
[293/1241] Building C object esp-idf/lwip/CMakeFiles/__idf_lwip.dir/lwip/src/netif/ppp/ecp.c.obj
[294/1241] Building C object esp-idf/lwip/CMakeFiles/__idf_lwip.dir/lwip/src/netif/ppp/demand.c.obj
[295/1241] Building C object esp-idf/lwip/CMakeFiles/__idf_lwip.dir/lwip/src/netif/ppp/eui64.c.obj
[296/1241] Building C object esp-idf/lwip/CMakeFiles/__idf_lwip.dir/lwip/src/netif/ppp/fsm.c.obj
[297/1241] Building C object esp-idf/lwip/CMakeFiles/__idf_lwip.dir/lwip/src/netif/ppp/ipv6cp.c.obj
[298/1241] Building C object esp-idf/lwip/CMakeFiles/__idf_lwip.dir/lwip/src/netif/ppp/ipcp.c.obj
[299/1241] Building C object esp-idf/lwip/CMakeFiles/__idf_lwip.dir/lwip/src/core/ipv6/nd6.c.obj
[300/1241] Building C object esp-idf/lwip/CMakeFiles/__idf_lwip.dir/lwip/src/netif/ppp/lcp.c.obj
[301/1241] Building C object esp-idf/lwip/CMakeFiles/__idf_lwip.dir/lwip/src/netif/ppp/magic.c.obj
[302/1241] Building C object esp-idf/lwip/CMakeFiles/__idf_lwip.dir/lwip/src/netif/ppp/mppe.c.obj
[303/1241] Building C object esp-idf/lwip/CMakeFiles/__idf_lwip.dir/lwip/src/netif/ppp/ppp.c.obj
[304/1241] Building C object esp-idf/lwip/CMakeFiles/__idf_lwip.dir/lwip/src/netif/ppp/pppapi.c.obj
[305/1241] Building C object esp-idf/lwip/CMakeFiles/__idf_lwip.dir/lwip/src/netif/ppp/multilink.c.obj
[306/1241] Building C object esp-idf/lwip/CMakeFiles/__idf_lwip.dir/lwip/src/netif/ppp/pppcrypt.c.obj
[307/1241] Building C object esp-idf/lwip/CMakeFiles/__idf_lwip.dir/lwip/src/netif/ppp/pppoe.c.obj
[308/1241] Building C object esp-idf/lwip/CMakeFiles/__idf_lwip.dir/lwip/src/netif/ppp/pppos.c.obj
[309/1241] Building C object esp-idf/lwip/CMakeFiles/__idf_lwip.dir/lwip/src/netif/ppp/pppol2tp.c.obj
[310/1241] Building C object esp-idf/lwip/CMakeFiles/__idf_lwip.dir/lwip/src/netif/ppp/upap.c.obj
[311/1241] Building C object esp-idf/lwip/CMakeFiles/__idf_lwip.dir/lwip/src/netif/ppp/utils.c.obj
[312/1241] Building C object esp-idf/lwip/CMakeFiles/__idf_lwip.dir/lwip/src/netif/ppp/vj.c.obj
[313/1241] Building C object esp-idf/lwip/CMakeFiles/__idf_lwip.dir/port/hooks/tcp_isn_default.c.obj
[314/1241] Building C object esp-idf/lwip/CMakeFiles/__idf_lwip.dir/port/hooks/lwip_default_hooks.c.obj
[315/1241] Building C object esp-idf/lwip/CMakeFiles/__idf_lwip.dir/port/debug/lwip_debug.c.obj
[316/1241] Building C object esp-idf/lwip/CMakeFiles/__idf_lwip.dir/port/sockets_ext.c.obj
[317/1241] Building C object esp-idf/lwip/CMakeFiles/__idf_lwip.dir/port/if_index.c.obj
[318/1241] Building C object esp-idf/lwip/CMakeFiles/__idf_lwip.dir/port/freertos/sys_arch.c.obj
[319/1241] Building C object esp-idf/lwip/CMakeFiles/__idf_lwip.dir/port/esp32xx/vfs_lwip.c.obj
[320/1241] Building C object esp-idf/lwip/CMakeFiles/__idf_lwip.dir/port/acd_dhcp_check.c.obj
[321/1241] Building C object esp-idf/lwip/CMakeFiles/__idf_lwip.dir/apps/ping/esp_ping.c.obj
[322/1241] Building C object esp-idf/lwip/CMakeFiles/__idf_lwip.dir/apps/ping/ping.c.obj
[323/1241] Building C object esp-idf/lwip/CMakeFiles/__idf_lwip.dir/lwip/src/netif/ppp/polarssl/arc4.c.obj
[324/1241] Building C object esp-idf/lwip/CMakeFiles/__idf_lwip.dir/lwip/src/netif/ppp/polarssl/md4.c.obj
[325/1241] Building C object esp-idf/lwip/CMakeFiles/__idf_lwip.dir/lwip/src/netif/ppp/polarssl/des.c.obj
[326/1241] Building C object esp-idf/lwip/CMakeFiles/__idf_lwip.dir/apps/ping/ping_sock.c.obj
[327/1241] Building C object esp-idf/lwip/CMakeFiles/__idf_lwip.dir/lwip/src/netif/ppp/polarssl/md5.c.obj
[328/1241] Linking C static library esp-idf/esp_netif/libesp_netif.a
[329/1241] Building C object esp-idf/lwip/CMakeFiles/__idf_lwip.dir/lwip/src/netif/ppp/polarssl/sha1.c.obj
[330/1241] Building C object esp-idf/vfs/CMakeFiles/__idf_vfs.dir/nullfs.c.obj
[331/1241] Building C object esp-idf/vfs/CMakeFiles/__idf_vfs.dir/vfs_eventfd.c.obj
[332/1241] Building C object esp-idf/esp_vfs_console/CMakeFiles/__idf_esp_vfs_console.dir/vfs_console.c.obj
[333/1241] Building C object esp-idf/lwip/CMakeFiles/__idf_lwip.dir/apps/dhcpserver/dhcpserver.c.obj
[334/1241] Building C object esp-idf/vfs/CMakeFiles/__idf_vfs.dir/vfs_semihost.c.obj
[335/1241] Building C object esp-idf/esp_driver_usb_serial_jtag/CMakeFiles/__idf_esp_driver_usb_serial_jtag.dir/src/usb_serial_jtag_connection_monitor.c.obj
[336/1241] Building C object esp-idf/esp_phy/CMakeFiles/__idf_esp_phy.dir/src/phy_override.c.obj
[337/1241] Building C object esp-idf/esp_driver_usb_serial_jtag/CMakeFiles/__idf_esp_driver_usb_serial_jtag.dir/src/usb_serial_jtag.c.obj
[338/1241] Building C object esp-idf/esp_phy/CMakeFiles/__idf_esp_phy.dir/src/lib_printf.c.obj
[339/1241] Building C object esp-idf/esp_phy/CMakeFiles/__idf_esp_phy.dir/esp32s3/phy_init_data.c.obj
[340/1241] Building C object esp-idf/esp_phy/CMakeFiles/__idf_esp_phy.dir/src/phy_common.c.obj
[341/1241] Building C object esp-idf/esp_phy/CMakeFiles/__idf_esp_phy.dir/src/btbb_init.c.obj
[342/1241] Building C object esp-idf/vfs/CMakeFiles/__idf_vfs.dir/vfs.c.obj
[343/1241] Linking C static library esp-idf/lwip/liblwip.a
[344/1241] Building C object esp-idf/esp_phy/CMakeFiles/__idf_esp_phy.dir/src/phy_init.c.obj
[345/1241] Linking C static library esp-idf/vfs/libvfs.a
[346/1241] Linking C static library esp-idf/esp_vfs_console/libesp_vfs_console.a
[347/1241] Linking C static library esp-idf/esp_driver_usb_serial_jtag/libesp_driver_usb_serial_jtag.a
[348/1241] Building CXX object esp-idf/nvs_flash/CMakeFiles/__idf_nvs_flash.dir/src/nvs_item_hash_list.cpp.obj
[349/1241] Building CXX object esp-idf/nvs_flash/CMakeFiles/__idf_nvs_flash.dir/src/nvs_cxx_api.cpp.obj
[350/1241] Building CXX object esp-idf/nvs_flash/CMakeFiles/__idf_nvs_flash.dir/src/nvs_pagemanager.cpp.obj
[351/1241] Building CXX object esp-idf/nvs_flash/CMakeFiles/__idf_nvs_flash.dir/src/nvs_page.cpp.obj
[352/1241] Building CXX object esp-idf/nvs_flash/CMakeFiles/__idf_nvs_flash.dir/src/nvs_api.cpp.obj
[353/1241] Building CXX object esp-idf/nvs_flash/CMakeFiles/__idf_nvs_flash.dir/src/nvs_storage.cpp.obj
[354/1241] Building CXX object esp-idf/nvs_flash/CMakeFiles/__idf_nvs_flash.dir/src/nvs_partition.cpp.obj
[355/1241] Building CXX object esp-idf/nvs_flash/CMakeFiles/__idf_nvs_flash.dir/src/nvs_platform.cpp.obj
[356/1241] Building CXX object esp-idf/nvs_flash/CMakeFiles/__idf_nvs_flash.dir/src/nvs_partition_lookup.cpp.obj
[357/1241] Building C object esp-idf/nvs_flash/CMakeFiles/__idf_nvs_flash.dir/src/nvs_bootloader.c.obj
[358/1241] Building C object esp-idf/nvs_flash/CMakeFiles/__idf_nvs_flash.dir/src/nvs_bootloader_aes.c.obj
[359/1241] Building C object esp-idf/nvs_flash/CMakeFiles/__idf_nvs_flash.dir/src/nvs_bootloader_xts_aes.c.obj
[360/1241] Linking C static library esp-idf/esp_phy/libesp_phy.a
[361/1241] Building C object esp-idf/esp_event/CMakeFiles/__idf_esp_event.dir/default_event_loop.c.obj
[362/1241] Building C object esp-idf/esp_event/CMakeFiles/__idf_esp_event.dir/esp_event.c.obj
[363/1241] Building C object esp-idf/esp_event/CMakeFiles/__idf_esp_event.dir/esp_event_private.c.obj
[364/1241] Building C object esp-idf/esp_driver_uart/CMakeFiles/__idf_esp_driver_uart.dir/src/uart.c.obj
[365/1241] Building CXX object esp-idf/nvs_flash/CMakeFiles/__idf_nvs_flash.dir/src/nvs_handle_simple.cpp.obj
[366/1241] Building C object esp-idf/esp_driver_uart/CMakeFiles/__idf_esp_driver_uart.dir/src/uart_wakeup.c.obj
[367/1241] Building CXX object esp-idf/nvs_flash/CMakeFiles/__idf_nvs_flash.dir/src/nvs_handle_locked.cpp.obj
[368/1241] Building C object esp-idf/esp_driver_uart/CMakeFiles/__idf_esp_driver_uart.dir/src/uhci.c.obj
[369/1241] Building C object esp-idf/esp_driver_uart/CMakeFiles/__idf_esp_driver_uart.dir/src/uart_vfs.c.obj
[370/1241] Building C object esp-idf/esp_ringbuf/CMakeFiles/__idf_esp_ringbuf.dir/ringbuf.c.obj
[371/1241] Building CXX object esp-idf/nvs_flash/CMakeFiles/__idf_nvs_flash.dir/src/nvs_types.cpp.obj
[372/1241] Building C object esp-idf/esp_driver_gptimer/CMakeFiles/__idf_esp_driver_gptimer.dir/src/gptimer_common.c.obj
[373/1241] Building C object esp-idf/esp_timer/CMakeFiles/__idf_esp_timer.dir/src/esp_timer_init.c.obj
[374/1241] Building C object esp-idf/esp_driver_gptimer/CMakeFiles/__idf_esp_driver_gptimer.dir/src/gptimer.c.obj
[375/1241] Building CXX object esp-idf/nvs_flash/CMakeFiles/__idf_nvs_flash.dir/src/nvs_partition_manager.cpp.obj
[376/1241] Building C object esp-idf/esp_timer/CMakeFiles/__idf_esp_timer.dir/src/ets_timer_legacy.c.obj
[377/1241] Building C object esp-idf/esp_timer/CMakeFiles/__idf_esp_timer.dir/src/system_time.c.obj
[378/1241] Building C object esp-idf/esp_timer/CMakeFiles/__idf_esp_timer.dir/src/esp_timer.c.obj
[379/1241] Building C object esp-idf/esp_timer/CMakeFiles/__idf_esp_timer.dir/src/esp_timer_impl_common.c.obj
[380/1241] Building C object esp-idf/esp_timer/CMakeFiles/__idf_esp_timer.dir/src/esp_timer_impl_systimer.c.obj
[381/1241] Building CXX object esp-idf/cxx/CMakeFiles/__idf_cxx.dir/cxx_init.cpp.obj
[382/1241] Building CXX object esp-idf/cxx/CMakeFiles/__idf_cxx.dir/cxx_exception_stubs.cpp.obj
[383/1241] Building CXX object esp-idf/nvs_flash/CMakeFiles/__idf_nvs_flash.dir/src/nvs_encrypted_partition.cpp.obj
[384/1241] Building C object esp-idf/pthread/CMakeFiles/__idf_pthread.dir/pthread_local_storage.c.obj
[385/1241] Linking C static library esp-idf/nvs_flash/libnvs_flash.a
[386/1241] Building C object esp-idf/pthread/CMakeFiles/__idf_pthread.dir/pthread_cond_var.c.obj
[387/1241] Building C object esp-idf/pthread/CMakeFiles/__idf_pthread.dir/pthread.c.obj
[388/1241] Linking C static library esp-idf/esp_event/libesp_event.a
[389/1241] Building C object esp-idf/newlib/CMakeFiles/__idf_newlib.dir/src/init.c.obj
[390/1241] Building C object esp-idf/pthread/CMakeFiles/__idf_pthread.dir/pthread_rwlock.c.obj
[391/1241] Linking C static library esp-idf/esp_driver_uart/libesp_driver_uart.a
[392/1241] Building C object esp-idf/pthread/CMakeFiles/__idf_pthread.dir/pthread_semaphore.c.obj
[393/1241] Building C object esp-idf/newlib/CMakeFiles/__idf_newlib.dir/src/heap.c.obj
[394/1241] Linking C static library esp-idf/esp_ringbuf/libesp_ringbuf.a
[395/1241] Building C object esp-idf/newlib/CMakeFiles/__idf_newlib.dir/src/abort.c.obj
[396/1241] Building C object esp-idf/newlib/CMakeFiles/__idf_newlib.dir/src/assert.c.obj
[397/1241] Linking C static library esp-idf/esp_driver_gptimer/libesp_driver_gptimer.a
[398/1241] Building C object esp-idf/newlib/CMakeFiles/__idf_newlib.dir/src/poll.c.obj
[399/1241] Building C object esp-idf/newlib/CMakeFiles/__idf_newlib.dir/src/random.c.obj
[400/1241] Linking C static library esp-idf/esp_timer/libesp_timer.a
[401/1241] Building C object esp-idf/newlib/CMakeFiles/__idf_newlib.dir/src/pthread.c.obj
[402/1241] Building C object esp-idf/newlib/CMakeFiles/__idf_newlib.dir/src/termios.c.obj
[403/1241] Building C object esp-idf/newlib/CMakeFiles/__idf_newlib.dir/src/locks.c.obj
[404/1241] Building C object esp-idf/newlib/CMakeFiles/__idf_newlib.dir/src/getentropy.c.obj
[405/1241] Building C object esp-idf/newlib/CMakeFiles/__idf_newlib.dir/src/sysconf.c.obj
[406/1241] Building C object esp-idf/newlib/CMakeFiles/__idf_newlib.dir/src/realpath.c.obj
[407/1241] Building C object esp-idf/newlib/CMakeFiles/__idf_newlib.dir/src/scandir.c.obj
[408/1241] Building C object esp-idf/newlib/CMakeFiles/__idf_newlib.dir/src/time.c.obj
[409/1241] Building C object esp-idf/newlib/CMakeFiles/__idf_newlib.dir/src/port/esp_time_impl.c.obj
[410/1241] Building CXX object esp-idf/cxx/CMakeFiles/__idf_cxx.dir/cxx_guards.cpp.obj
[411/1241] Building C object esp-idf/newlib/CMakeFiles/__idf_newlib.dir/src/syscalls.c.obj
[412/1241] Building C object esp-idf/newlib/CMakeFiles/__idf_newlib.dir/src/reent_syscalls.c.obj
[413/1241] Linking C static library esp-idf/cxx/libcxx.a
[414/1241] Building C object esp-idf/newlib/CMakeFiles/__idf_newlib.dir/src/flockfile.c.obj
[415/1241] Linking C static library esp-idf/pthread/libpthread.a
[416/1241] Building C object esp-idf/newlib/CMakeFiles/__idf_newlib.dir/src/reent_init.c.obj
[417/1241] Building C object esp-idf/newlib/CMakeFiles/__idf_newlib.dir/src/newlib_init.c.obj
[418/1241] Building C object esp-idf/freertos/CMakeFiles/__idf_freertos.dir/heap_idf.c.obj
[419/1241] Building C object esp-idf/freertos/CMakeFiles/__idf_freertos.dir/port_common.c.obj
[420/1241] Building C object esp-idf/freertos/CMakeFiles/__idf_freertos.dir/app_startup.c.obj
[421/1241] Building C object esp-idf/newlib/CMakeFiles/__idf_newlib.dir/src/port/xtensa/stdatomic_s32c1i.c.obj
[422/1241] Building C object esp-idf/freertos/CMakeFiles/__idf_freertos.dir/port_systick.c.obj
[423/1241] Building C object esp-idf/freertos/CMakeFiles/__idf_freertos.dir/FreeRTOS-Kernel/list.c.obj
[424/1241] Building C object esp-idf/newlib/CMakeFiles/__idf_newlib.dir/src/stdatomic.c.obj
[425/1241] Building C object esp-idf/freertos/CMakeFiles/__idf_freertos.dir/FreeRTOS-Kernel/timers.c.obj
[426/1241] Building C object esp-idf/freertos/CMakeFiles/__idf_freertos.dir/FreeRTOS-Kernel/event_groups.c.obj
[427/1241] Building ASM object esp-idf/freertos/CMakeFiles/__idf_freertos.dir/FreeRTOS-Kernel/portable/xtensa/portasm.S.obj
[428/1241] Building C object esp-idf/freertos/CMakeFiles/__idf_freertos.dir/FreeRTOS-Kernel/queue.c.obj
[429/1241] Building C object esp-idf/freertos/CMakeFiles/__idf_freertos.dir/FreeRTOS-Kernel/stream_buffer.c.obj
[430/1241] Building C object esp-idf/freertos/CMakeFiles/__idf_freertos.dir/FreeRTOS-Kernel/portable/xtensa/xtensa_init.c.obj
[431/1241] Building C object esp-idf/freertos/CMakeFiles/__idf_freertos.dir/FreeRTOS-Kernel/portable/xtensa/xtensa_overlay_os_hook.c.obj
[432/1241] Building C object esp-idf/freertos/CMakeFiles/__idf_freertos.dir/esp_additions/freertos_compatibility.c.obj
[433/1241] Building C object esp-idf/freertos/CMakeFiles/__idf_freertos.dir/esp_additions/idf_additions_event_groups.c.obj
[434/1241] Building C object esp-idf/freertos/CMakeFiles/__idf_freertos.dir/FreeRTOS-Kernel/portable/xtensa/port.c.obj
[435/1241] Linking C static library esp-idf/newlib/libnewlib.a
[436/1241] Building C object esp-idf/freertos/CMakeFiles/__idf_freertos.dir/esp_additions/idf_additions.c.obj
[437/1241] Building C object esp-idf/esp_hw_support/CMakeFiles/__idf_esp_hw_support.dir/esp_memory_utils.c.obj
[438/1241] Building C object esp-idf/esp_hw_support/CMakeFiles/__idf_esp_hw_support.dir/port/esp32s3/esp_cpu_intr.c.obj
[439/1241] Building C object esp-idf/esp_hw_support/CMakeFiles/__idf_esp_hw_support.dir/port/esp32s3/cpu_region_protect.c.obj
[440/1241] Building C object esp-idf/esp_hw_support/CMakeFiles/__idf_esp_hw_support.dir/cpu.c.obj
[441/1241] Building C object esp-idf/esp_hw_support/CMakeFiles/__idf_esp_hw_support.dir/hw_random.c.obj
[442/1241] Building C object esp-idf/esp_hw_support/CMakeFiles/__idf_esp_hw_support.dir/mac_addr.c.obj
[443/1241] Building C object esp-idf/esp_hw_support/CMakeFiles/__idf_esp_hw_support.dir/clk_ctrl_os.c.obj
[444/1241] Building C object esp-idf/esp_hw_support/CMakeFiles/__idf_esp_hw_support.dir/esp_clk.c.obj
[445/1241] Building C object esp-idf/esp_hw_support/CMakeFiles/__idf_esp_hw_support.dir/revision.c.obj
[446/1241] Building C object esp-idf/freertos/CMakeFiles/__idf_freertos.dir/FreeRTOS-Kernel/tasks.c.obj
[447/1241] Building C object esp-idf/esp_hw_support/CMakeFiles/__idf_esp_hw_support.dir/periph_ctrl.c.obj
[448/1241] Building C object esp-idf/esp_hw_support/CMakeFiles/__idf_esp_hw_support.dir/rtc_module.c.obj
[449/1241] Building C object esp-idf/esp_hw_support/CMakeFiles/__idf_esp_hw_support.dir/regi2c_ctrl.c.obj
[450/1241] Building C object esp-idf/esp_hw_support/CMakeFiles/__idf_esp_hw_support.dir/intr_alloc.c.obj
[451/1241] Building C object esp-idf/esp_hw_support/CMakeFiles/__idf_esp_hw_support.dir/sar_periph_ctrl_common.c.obj
[452/1241] Building C object esp-idf/esp_hw_support/CMakeFiles/__idf_esp_hw_support.dir/port/esp32s3/io_mux.c.obj
[453/1241] Building C object esp-idf/esp_hw_support/CMakeFiles/__idf_esp_hw_support.dir/port/esp32s3/esp_clk_tree.c.obj
[454/1241] Building C object esp-idf/esp_hw_support/CMakeFiles/__idf_esp_hw_support.dir/dma/gdma_link.c.obj
[455/1241] Building C object esp-idf/esp_hw_support/CMakeFiles/__idf_esp_hw_support.dir/clk_utils.c.obj
[456/1241] Building C object esp-idf/esp_hw_support/CMakeFiles/__idf_esp_hw_support.dir/dma/esp_dma_utils.c.obj
[457/1241] Building C object esp-idf/esp_hw_support/CMakeFiles/__idf_esp_hw_support.dir/port/esp_clk_tree_common.c.obj
[458/1241] Building C object esp-idf/esp_hw_support/CMakeFiles/__idf_esp_hw_support.dir/sleep_modem.c.obj
[459/1241] Building C object esp-idf/esp_hw_support/CMakeFiles/__idf_esp_hw_support.dir/spi_share_hw_ctrl.c.obj
[460/1241] Building C object esp-idf/esp_hw_support/CMakeFiles/__idf_esp_hw_support.dir/sleep_mspi.c.obj
[461/1241] Building C object esp-idf/esp_hw_support/CMakeFiles/__idf_esp_hw_support.dir/spi_bus_lock.c.obj
[462/1241] Building C object esp-idf/esp_hw_support/CMakeFiles/__idf_esp_hw_support.dir/sleep_usb.c.obj
[463/1241] Building C object esp-idf/esp_hw_support/CMakeFiles/__idf_esp_hw_support.dir/sleep_console.c.obj
[464/1241] Building C object esp-idf/esp_hw_support/CMakeFiles/__idf_esp_hw_support.dir/adc_share_hw_ctrl.c.obj
[465/1241] Building C object esp-idf/esp_hw_support/CMakeFiles/__idf_esp_hw_support.dir/sleep_event.c.obj
[466/1241] Building C object esp-idf/esp_hw_support/CMakeFiles/__idf_esp_hw_support.dir/dma/esp_async_memcpy.c.obj
[467/1241] Building C object esp-idf/esp_hw_support/CMakeFiles/__idf_esp_hw_support.dir/sleep_gpio.c.obj
[468/1241] Building C object esp-idf/esp_hw_support/CMakeFiles/__idf_esp_hw_support.dir/deprecated/gdma_legacy.c.obj
[469/1241] Building C object esp-idf/esp_hw_support/CMakeFiles/__idf_esp_hw_support.dir/port/esp32s3/systimer.c.obj
[470/1241] Building C object esp-idf/esp_hw_support/CMakeFiles/__idf_esp_hw_support.dir/sleep_wake_stub.c.obj
[471/1241] Building C object esp-idf/esp_hw_support/CMakeFiles/__idf_esp_hw_support.dir/esp_clock_output.c.obj
[472/1241] Building C object esp-idf/esp_hw_support/CMakeFiles/__idf_esp_hw_support.dir/mspi_timing_tuning/mspi_timing_tuning.c.obj
[473/1241] Building C object esp-idf/esp_hw_support/CMakeFiles/__idf_esp_hw_support.dir/dma/async_memcpy_gdma.c.obj
[474/1241] Building C object esp-idf/esp_hw_support/CMakeFiles/__idf_esp_hw_support.dir/sleep_modes.c.obj
[475/1241] Building C object esp-idf/esp_hw_support/CMakeFiles/__idf_esp_hw_support.dir/dma/gdma.c.obj
[476/1241] Building C object esp-idf/esp_hw_support/CMakeFiles/__idf_esp_hw_support.dir/port/esp32s3/rtc_clk_init.c.obj
[477/1241] Building C object esp-idf/esp_hw_support/CMakeFiles/__idf_esp_hw_support.dir/power_supply/brownout.c.obj
[478/1241] Building C object esp-idf/esp_hw_support/CMakeFiles/__idf_esp_hw_support.dir/port/esp32s3/chip_info.c.obj
[479/1241] Building C object esp-idf/esp_hw_support/CMakeFiles/__idf_esp_hw_support.dir/port/esp32s3/rtc_sleep.c.obj
[480/1241] Building C object esp-idf/esp_hw_support/CMakeFiles/__idf_esp_hw_support.dir/port/esp32s3/rtc_init.c.obj
[481/1241] Building C object esp-idf/esp_hw_support/CMakeFiles/__idf_esp_hw_support.dir/port/esp32s3/rtc_clk.c.obj
[482/1241] Building C object esp-idf/esp_hw_support/CMakeFiles/__idf_esp_hw_support.dir/port/esp32s3/rtc_time.c.obj
[483/1241] Building C object esp-idf/esp_hw_support/CMakeFiles/__idf_esp_hw_support.dir/port/esp_memprot_conv.c.obj
[484/1241] Building C object esp-idf/esp_hw_support/CMakeFiles/__idf_esp_hw_support.dir/port/esp32s3/sar_periph_ctrl.c.obj
[485/1241] Building C object esp-idf/esp_hw_support/CMakeFiles/__idf_esp_hw_support.dir/mspi_timing_tuning/port/esp32s3/mspi_timing_config.c.obj
[486/1241] Linking C static library esp-idf/freertos/libfreertos.a
[487/1241] Building C object esp-idf/esp_security/CMakeFiles/__idf_esp_security.dir/src/init.c.obj
[488/1241] Building C object esp-idf/esp_security/CMakeFiles/__idf_esp_security.dir/src/esp_hmac.c.obj
[489/1241] Building C object esp-idf/esp_security/CMakeFiles/__idf_esp_security.dir/src/esp_crypto_lock.c.obj
[490/1241] Building C object esp-idf/esp_hw_support/CMakeFiles/__idf_esp_hw_support.dir/lowpower/port/esp32s3/sleep_cpu.c.obj
[491/1241] Building C object esp-idf/esp_hw_support/CMakeFiles/__idf_esp_hw_support.dir/mspi_timing_tuning/port/esp32s3/mspi_timing_by_mspi_delay.c.obj
[492/1241] Building C object esp-idf/esp_security/CMakeFiles/__idf_esp_security.dir/src/esp_ds.c.obj
[493/1241] Building C object esp-idf/soc/CMakeFiles/__idf_soc.dir/esp32s3/gpio_periph.c.obj
[494/1241] Building C object esp-idf/soc/CMakeFiles/__idf_soc.dir/esp32s3/uart_periph.c.obj
[495/1241] Building C object esp-idf/soc/CMakeFiles/__idf_soc.dir/esp32s3/adc_periph.c.obj
[496/1241] Building C object esp-idf/soc/CMakeFiles/__idf_soc.dir/esp32s3/dedic_gpio_periph.c.obj
[497/1241] Building C object esp-idf/soc/CMakeFiles/__idf_soc.dir/esp32s3/ledc_periph.c.obj
[498/1241] Building C object esp-idf/soc/CMakeFiles/__idf_soc.dir/esp32s3/spi_periph.c.obj
[499/1241] Building C object esp-idf/esp_security/CMakeFiles/__idf_esp_security.dir/src/esp_crypto_periph_clk.c.obj
[500/1241] Building C object esp-idf/soc/CMakeFiles/__idf_soc.dir/esp32s3/pcnt_periph.c.obj
[501/1241] Building C object esp-idf/soc/CMakeFiles/__idf_soc.dir/esp32s3/i2s_periph.c.obj
[502/1241] Building C object esp-idf/soc/CMakeFiles/__idf_soc.dir/esp32s3/rmt_periph.c.obj
[503/1241] Building C object esp-idf/soc/CMakeFiles/__idf_soc.dir/esp32s3/temperature_sensor_periph.c.obj
[504/1241] Building C object esp-idf/soc/CMakeFiles/__idf_soc.dir/esp32s3/i2c_periph.c.obj
[505/1241] Building C object esp-idf/soc/CMakeFiles/__idf_soc.dir/esp32s3/sdmmc_periph.c.obj
[506/1241] Building C object esp-idf/soc/CMakeFiles/__idf_soc.dir/esp32s3/mcpwm_periph.c.obj
[507/1241] Building C object esp-idf/soc/CMakeFiles/__idf_soc.dir/esp32s3/timer_periph.c.obj
[508/1241] Building C object esp-idf/soc/CMakeFiles/__idf_soc.dir/esp32s3/mpi_periph.c.obj
[509/1241] Building C object esp-idf/soc/CMakeFiles/__idf_soc.dir/esp32s3/wdt_periph.c.obj
[510/1241] Building C object esp-idf/soc/CMakeFiles/__idf_soc.dir/esp32s3/rtc_io_periph.c.obj
[511/1241] Building C object esp-idf/esp_hw_support/CMakeFiles/__idf_esp_hw_support.dir/port/esp32s3/esp_memprot.c.obj
[512/1241] Building C object esp-idf/heap/CMakeFiles/__idf_heap.dir/heap_caps_base.c.obj
[513/1241] Building C object esp-idf/heap/CMakeFiles/__idf_heap.dir/heap_caps_init.c.obj
[514/1241] Building C object esp-idf/heap/CMakeFiles/__idf_heap.dir/port/memory_layout_utils.c.obj
[515/1241] Building C object esp-idf/heap/CMakeFiles/__idf_heap.dir/multi_heap.c.obj
[516/1241] Building C object esp-idf/heap/CMakeFiles/__idf_heap.dir/port/esp32s3/memory_layout.c.obj
[517/1241] Building C object esp-idf/heap/CMakeFiles/__idf_heap.dir/heap_caps.c.obj
[518/1241] Linking C static library esp-idf/esp_hw_support/libesp_hw_support.a
[519/1241] Building C object esp-idf/log/CMakeFiles/__idf_log.dir/src/log_timestamp_common.c.obj
[520/1241] Linking C static library esp-idf/esp_security/libesp_security.a
[521/1241] Building C object esp-idf/log/CMakeFiles/__idf_log.dir/src/os/log_timestamp.c.obj
[522/1241] Building C object esp-idf/log/CMakeFiles/__idf_log.dir/src/os/log_lock.c.obj
[523/1241] Building C object esp-idf/log/CMakeFiles/__idf_log.dir/src/buffer/log_buffers.c.obj
[524/1241] Linking C static library esp-idf/soc/libsoc.a
[525/1241] Building C object esp-idf/log/CMakeFiles/__idf_log.dir/src/util.c.obj
[526/1241] Building C object esp-idf/log/CMakeFiles/__idf_log.dir/src/log_format_text.c.obj
[527/1241] Building C object esp-idf/log/CMakeFiles/__idf_log.dir/src/os/util.c.obj
[528/1241] Building C object esp-idf/log/CMakeFiles/__idf_log.dir/src/log.c.obj
[529/1241] Building C object esp-idf/log/CMakeFiles/__idf_log.dir/src/os/log_write.c.obj
[530/1241] Building C object esp-idf/log/CMakeFiles/__idf_log.dir/src/log_print.c.obj
[531/1241] Building C object esp-idf/log/CMakeFiles/__idf_log.dir/src/log_level/log_level.c.obj
[532/1241] Building C object esp-idf/log/CMakeFiles/__idf_log.dir/src/log_level/tag_log_level/tag_log_level.c.obj
[533/1241] Building C object esp-idf/hal/CMakeFiles/__idf_hal.dir/hal_utils.c.obj
[534/1241] Building C object esp-idf/log/CMakeFiles/__idf_log.dir/src/log_level/tag_log_level/linked_list/log_linked_list.c.obj
[535/1241] Building C object esp-idf/log/CMakeFiles/__idf_log.dir/src/log_level/tag_log_level/cache/log_binary_heap.c.obj
[536/1241] Building C object esp-idf/hal/CMakeFiles/__idf_hal.dir/mpu_hal.c.obj
[537/1241] Building C object esp-idf/heap/CMakeFiles/__idf_heap.dir/tlsf/tlsf.c.obj
[538/1241] Building C object esp-idf/hal/CMakeFiles/__idf_hal.dir/esp32s3/efuse_hal.c.obj
[539/1241] Building C object esp-idf/hal/CMakeFiles/__idf_hal.dir/efuse_hal.c.obj
[540/1241] Building C object esp-idf/hal/CMakeFiles/__idf_hal.dir/color_hal.c.obj
[541/1241] Linking C static library esp-idf/heap/libheap.a
[542/1241] Building C object esp-idf/hal/CMakeFiles/__idf_hal.dir/mmu_hal.c.obj
[543/1241] Building C object esp-idf/hal/CMakeFiles/__idf_hal.dir/spi_flash_encrypt_hal_iram.c.obj
[544/1241] Building C object esp-idf/hal/CMakeFiles/__idf_hal.dir/cache_hal.c.obj
[545/1241] Building C object esp-idf/hal/CMakeFiles/__idf_hal.dir/spi_flash_hal.c.obj
[546/1241] Building C object esp-idf/hal/CMakeFiles/__idf_hal.dir/esp32s3/clk_tree_hal.c.obj
[547/1241] Building C object esp-idf/hal/CMakeFiles/__idf_hal.dir/systimer_hal.c.obj
[548/1241] Building C object esp-idf/hal/CMakeFiles/__idf_hal.dir/uart_hal_iram.c.obj
[549/1241] Building C object esp-idf/hal/CMakeFiles/__idf_hal.dir/spi_flash_hal_iram.c.obj
[550/1241] Building C object esp-idf/hal/CMakeFiles/__idf_hal.dir/timer_hal.c.obj
[551/1241] Building C object esp-idf/hal/CMakeFiles/__idf_hal.dir/gpio_hal.c.obj
[552/1241] Building C object esp-idf/hal/CMakeFiles/__idf_hal.dir/uart_hal.c.obj
[553/1241] Building C object esp-idf/hal/CMakeFiles/__idf_hal.dir/ledc_hal.c.obj
[554/1241] Building C object esp-idf/hal/CMakeFiles/__idf_hal.dir/rtc_io_hal.c.obj
[555/1241] Building C object esp-idf/hal/CMakeFiles/__idf_hal.dir/pcnt_hal.c.obj
[556/1241] Building C object esp-idf/hal/CMakeFiles/__idf_hal.dir/ledc_hal_iram.c.obj
[557/1241] Building C object esp-idf/hal/CMakeFiles/__idf_hal.dir/i2c_hal_iram.c.obj
[558/1241] Building C object esp-idf/hal/CMakeFiles/__idf_hal.dir/i2c_hal.c.obj
[559/1241] Building C object esp-idf/hal/CMakeFiles/__idf_hal.dir/rmt_hal.c.obj
[560/1241] Building C object esp-idf/hal/CMakeFiles/__idf_hal.dir/uhci_hal.c.obj
[561/1241] Building C object esp-idf/hal/CMakeFiles/__idf_hal.dir/mcpwm_hal.c.obj
[562/1241] Building C object esp-idf/hal/CMakeFiles/__idf_hal.dir/gdma_hal_top.c.obj
[563/1241] Building C object esp-idf/hal/CMakeFiles/__idf_hal.dir/sdm_hal.c.obj
[564/1241] Building C object esp-idf/hal/CMakeFiles/__idf_hal.dir/sdmmc_hal.c.obj
[565/1241] Building C object esp-idf/hal/CMakeFiles/__idf_hal.dir/twai_hal_v1.c.obj
[566/1241] Building C object esp-idf/hal/CMakeFiles/__idf_hal.dir/gdma_hal_ahb_v1.c.obj
[567/1241] Building C object esp-idf/hal/CMakeFiles/__idf_hal.dir/adc_hal_common.c.obj
[568/1241] Building C object esp-idf/hal/CMakeFiles/__idf_hal.dir/lcd_hal.c.obj
[569/1241] Building C object esp-idf/hal/CMakeFiles/__idf_hal.dir/adc_oneshot_hal.c.obj
[570/1241] Building C object esp-idf/hal/CMakeFiles/__idf_hal.dir/i2s_hal.c.obj
[571/1241] Building C object esp-idf/hal/CMakeFiles/__idf_hal.dir/mpi_hal.c.obj
[572/1241] Building C object esp-idf/hal/CMakeFiles/__idf_hal.dir/brownout_hal.c.obj
[573/1241] Building C object esp-idf/hal/CMakeFiles/__idf_hal.dir/adc_hal.c.obj
[574/1241] Building C object esp-idf/hal/CMakeFiles/__idf_hal.dir/aes_hal.c.obj
[575/1241] Building C object esp-idf/hal/CMakeFiles/__idf_hal.dir/sha_hal.c.obj
[576/1241] Building C object esp-idf/hal/CMakeFiles/__idf_hal.dir/spi_hal.c.obj
[577/1241] Building C object esp-idf/hal/CMakeFiles/__idf_hal.dir/spi_slave_hal.c.obj
[578/1241] Building C object esp-idf/hal/CMakeFiles/__idf_hal.dir/spi_slave_hal_iram.c.obj
[579/1241] Building C object esp-idf/hal/CMakeFiles/__idf_hal.dir/ds_hal.c.obj
[580/1241] Building C object esp-idf/hal/CMakeFiles/__idf_hal.dir/spi_flash_hal_gpspi.c.obj
[581/1241] Building C object esp-idf/hal/CMakeFiles/__idf_hal.dir/hmac_hal.c.obj
[582/1241] Building C object esp-idf/hal/CMakeFiles/__idf_hal.dir/spi_hal_iram.c.obj
[583/1241] Building C object esp-idf/hal/CMakeFiles/__idf_hal.dir/spi_slave_hd_hal.c.obj
[584/1241] Building C object esp-idf/hal/CMakeFiles/__idf_hal.dir/usb_serial_jtag_hal.c.obj
[585/1241] Building C object esp-idf/hal/CMakeFiles/__idf_hal.dir/cam_hal.c.obj
[586/1241] Building C object esp-idf/hal/CMakeFiles/__idf_hal.dir/usb_wrap_hal.c.obj
[587/1241] Building C object esp-idf/hal/CMakeFiles/__idf_hal.dir/xt_wdt_hal.c.obj
[588/1241] Building C object esp-idf/hal/CMakeFiles/__idf_hal.dir/touch_sensor_hal.c.obj
[589/1241] Building C object esp-idf/hal/CMakeFiles/__idf_hal.dir/touch_sens_hal.c.obj
[590/1241] Building C object esp-idf/hal/CMakeFiles/__idf_hal.dir/usb_dwc_hal.c.obj
[591/1241] Linking C static library esp-idf/log/liblog.a
[592/1241] Building C object esp-idf/hal/CMakeFiles/__idf_hal.dir/esp32s3/touch_sensor_hal.c.obj
[593/1241] Building C object esp-idf/hal/CMakeFiles/__idf_hal.dir/esp32s3/rtc_cntl_hal.c.obj
[594/1241] Building C object esp-idf/esp_rom/CMakeFiles/__idf_esp_rom.dir/patches/esp_rom_sys.c.obj
[595/1241] Building C object esp-idf/esp_rom/CMakeFiles/__idf_esp_rom.dir/patches/esp_rom_uart.c.obj
[596/1241] Building C object esp-idf/esp_rom/CMakeFiles/__idf_esp_rom.dir/patches/esp_rom_print.c.obj
[597/1241] Building ASM object esp-idf/esp_rom/CMakeFiles/__idf_esp_rom.dir/patches/esp_rom_longjmp.S.obj
[598/1241] Building C object esp-idf/esp_rom/CMakeFiles/__idf_esp_rom.dir/patches/esp_rom_efuse.c.obj
[599/1241] Building C object esp-idf/esp_rom/CMakeFiles/__idf_esp_rom.dir/patches/esp_rom_gpio.c.obj
[600/1241] Building C object esp-idf/esp_rom/CMakeFiles/__idf_esp_rom.dir/patches/esp_rom_spiflash.c.obj
[601/1241] Building ASM object esp-idf/esp_rom/CMakeFiles/__idf_esp_rom.dir/patches/esp_rom_cache_writeback_esp32s3.S.obj
[602/1241] Building C object esp-idf/esp_rom/CMakeFiles/__idf_esp_rom.dir/patches/esp_rom_systimer.c.obj
[603/1241] Building C object esp-idf/esp_rom/CMakeFiles/__idf_esp_rom.dir/patches/esp_rom_wdt.c.obj
[604/1241] Building C object esp-idf/esp_rom/CMakeFiles/__idf_esp_rom.dir/patches/esp_rom_cache_esp32s2_esp32s3.c.obj
[605/1241] Building C object esp-idf/esp_system/CMakeFiles/__idf_esp_system.dir/esp_err.c.obj
[606/1241] Building C object esp-idf/esp_system/CMakeFiles/__idf_esp_system.dir/esp_system_console.c.obj
[607/1241] Linking C static library esp-idf/hal/libhal.a
[608/1241] Building C object esp-idf/esp_system/CMakeFiles/__idf_esp_system.dir/crosscore_int.c.obj
[609/1241] Building C object esp-idf/esp_system/CMakeFiles/__idf_esp_system.dir/esp_ipc.c.obj
[610/1241] Linking C static library esp-idf/esp_rom/libesp_rom.a
[611/1241] Building C object esp-idf/esp_system/CMakeFiles/__idf_esp_system.dir/freertos_hooks.c.obj
[612/1241] Building C object esp-idf/esp_system/CMakeFiles/__idf_esp_system.dir/int_wdt.c.obj
[613/1241] Building C object esp-idf/esp_system/CMakeFiles/__idf_esp_system.dir/startup.c.obj
[614/1241] Building C object esp-idf/esp_system/CMakeFiles/__idf_esp_system.dir/esp_system.c.obj
[615/1241] Building C object esp-idf/esp_common/CMakeFiles/__idf_esp_common.dir/src/esp_err_to_name.c.obj
[616/1241] Building C object esp-idf/esp_system/CMakeFiles/__idf_esp_system.dir/panic.c.obj
[617/1241] Building C object esp-idf/esp_system/CMakeFiles/__idf_esp_system.dir/stack_check.c.obj
[618/1241] Building C object esp-idf/esp_system/CMakeFiles/__idf_esp_system.dir/system_time.c.obj
[619/1241] Building C object esp-idf/esp_system/CMakeFiles/__idf_esp_system.dir/ubsan.c.obj
[620/1241] Building C object esp-idf/esp_system/CMakeFiles/__idf_esp_system.dir/startup_funcs.c.obj
[621/1241] Building C object esp-idf/esp_system/CMakeFiles/__idf_esp_system.dir/xt_wdt.c.obj
[622/1241] Building C object esp-idf/esp_system/CMakeFiles/__idf_esp_system.dir/task_wdt/task_wdt_impl_timergroup.c.obj
[623/1241] Building C object esp-idf/esp_system/CMakeFiles/__idf_esp_system.dir/port/esp_system_chip.c.obj
[624/1241] Building C object esp-idf/esp_system/CMakeFiles/__idf_esp_system.dir/port/cpu_start.c.obj
[625/1241] Building C object esp-idf/esp_system/CMakeFiles/__idf_esp_system.dir/port/panic_handler.c.obj
[626/1241] Building C object esp-idf/esp_system/CMakeFiles/__idf_esp_system.dir/port/image_process.c.obj
[627/1241] Building C object esp-idf/esp_system/CMakeFiles/__idf_esp_system.dir/port/arch/xtensa/esp_ipc_isr_port.c.obj
[628/1241] Building ASM object esp-idf/esp_system/CMakeFiles/__idf_esp_system.dir/port/arch/xtensa/esp_ipc_isr_routines.S.obj
[629/1241] Building C object esp-idf/esp_system/CMakeFiles/__idf_esp_system.dir/task_wdt/task_wdt.c.obj
[630/1241] Building ASM object esp-idf/esp_system/CMakeFiles/__idf_esp_system.dir/port/arch/xtensa/esp_ipc_isr_handler.S.obj
[631/1241] Building C object esp-idf/esp_system/CMakeFiles/__idf_esp_system.dir/port/esp_ipc_isr.c.obj
[632/1241] Building ASM object esp-idf/esp_system/CMakeFiles/__idf_esp_system.dir/port/arch/xtensa/panic_handler_asm.S.obj
[633/1241] Building C object esp-idf/esp_system/CMakeFiles/__idf_esp_system.dir/port/arch/xtensa/debug_stubs.c.obj
[634/1241] Building C object esp-idf/esp_system/CMakeFiles/__idf_esp_system.dir/port/arch/xtensa/expression_with_stack.c.obj
[635/1241] Building ASM object esp-idf/esp_system/CMakeFiles/__idf_esp_system.dir/port/soc/esp32s3/highint_hdl.S.obj
[636/1241] Building C object esp-idf/esp_system/CMakeFiles/__idf_esp_system.dir/port/arch/xtensa/trax.c.obj
[637/1241] Building C object esp-idf/esp_system/CMakeFiles/__idf_esp_system.dir/port/arch/xtensa/panic_arch.c.obj
[638/1241] Building C object esp-idf/esp_system/CMakeFiles/__idf_esp_system.dir/port/arch/xtensa/debug_helpers.c.obj
[639/1241] Linking C static library esp-idf/esp_common/libesp_common.a
[640/1241] Building C object esp-idf/esp_system/CMakeFiles/__idf_esp_system.dir/port/soc/esp32s3/reset_reason.c.obj
[641/1241] Building C object esp-idf/esp_system/CMakeFiles/__idf_esp_system.dir/port/soc/esp32s3/apb_backup_dma.c.obj
[642/1241] Building C object esp-idf/spi_flash/CMakeFiles/__idf_spi_flash.dir/flash_brownout_hook.c.obj
[643/1241] Building C object esp-idf/esp_system/CMakeFiles/__idf_esp_system.dir/port/soc/esp32s3/system_internal.c.obj
[644/1241] Building C object esp-idf/esp_system/CMakeFiles/__idf_esp_system.dir/port/soc/esp32s3/cache_err_int.c.obj
[645/1241] Building C object esp-idf/esp_system/CMakeFiles/__idf_esp_system.dir/port/soc/esp32s3/clk.c.obj
[646/1241] Building C object esp-idf/spi_flash/CMakeFiles/__idf_spi_flash.dir/spi_flash_chip_drivers.c.obj
[647/1241] Building C object esp-idf/spi_flash/CMakeFiles/__idf_spi_flash.dir/esp32s3/spi_flash_oct_flash_init.c.obj
[648/1241] Building C object esp-idf/spi_flash/CMakeFiles/__idf_spi_flash.dir/spi_flash_chip_issi.c.obj
[649/1241] Building C object esp-idf/spi_flash/CMakeFiles/__idf_spi_flash.dir/spi_flash_hpm_enable.c.obj
[650/1241] Building C object esp-idf/spi_flash/CMakeFiles/__idf_spi_flash.dir/spi_flash_chip_gd.c.obj
[651/1241] Building C object esp-idf/spi_flash/CMakeFiles/__idf_spi_flash.dir/spi_flash_chip_boya.c.obj
[652/1241] Building C object esp-idf/spi_flash/CMakeFiles/__idf_spi_flash.dir/spi_flash_chip_mxic.c.obj
[653/1241] Building C object esp-idf/spi_flash/CMakeFiles/__idf_spi_flash.dir/spi_flash_chip_winbond.c.obj
[654/1241] Building C object esp-idf/spi_flash/CMakeFiles/__idf_spi_flash.dir/spi_flash_chip_th.c.obj
[655/1241] Building C object esp-idf/spi_flash/CMakeFiles/__idf_spi_flash.dir/spi_flash_chip_generic.c.obj
[656/1241] Building C object esp-idf/spi_flash/CMakeFiles/__idf_spi_flash.dir/spi_flash_chip_mxic_opi.c.obj
[657/1241] Building C object esp-idf/spi_flash/CMakeFiles/__idf_spi_flash.dir/memspi_host_driver.c.obj
[658/1241] Building C object esp-idf/spi_flash/CMakeFiles/__idf_spi_flash.dir/spi_flash_wrap.c.obj
[659/1241] Building C object esp-idf/spi_flash/CMakeFiles/__idf_spi_flash.dir/cache_utils.c.obj
[660/1241] Building C object esp-idf/spi_flash/CMakeFiles/__idf_spi_flash.dir/flash_ops.c.obj
[661/1241] Building C object esp-idf/spi_flash/CMakeFiles/__idf_spi_flash.dir/flash_mmap.c.obj
[662/1241] Building C object esp-idf/spi_flash/CMakeFiles/__idf_spi_flash.dir/spi_flash_os_func_noos.c.obj
[663/1241] Linking C static library esp-idf/esp_system/libesp_system.a
[664/1241] Building C object esp-idf/esp_mm/CMakeFiles/__idf_esp_mm.dir/port/esp32s3/ext_mem_layout.c.obj
[665/1241] Building C object esp-idf/spi_flash/CMakeFiles/__idf_spi_flash.dir/spi_flash_os_func_app.c.obj
[666/1241] Building C object esp-idf/spi_flash/CMakeFiles/__idf_spi_flash.dir/esp_flash_spi_init.c.obj
[667/1241] Building C object esp-idf/esp_mm/CMakeFiles/__idf_esp_mm.dir/heap_align_hw.c.obj
[668/1241] Building C object esp-idf/spi_flash/CMakeFiles/__idf_spi_flash.dir/esp_flash_api.c.obj
[669/1241] Building C object esp-idf/esp_mm/CMakeFiles/__idf_esp_mm.dir/esp_cache_utils.c.obj
[670/1241] Building C object esp-idf/esp_mm/CMakeFiles/__idf_esp_mm.dir/esp_cache_msync.c.obj
[671/1241] Building C object esp-idf/esp_mm/CMakeFiles/__idf_esp_mm.dir/esp_mmu_map.c.obj
[672/1241] Linking C static library esp-idf/spi_flash/libspi_flash.a
[673/1241] Building C object esp-idf/bootloader_support/CMakeFiles/__idf_bootloader_support.dir/src/bootloader_common.c.obj
[674/1241] Building C object esp-idf/bootloader_support/CMakeFiles/__idf_bootloader_support.dir/src/bootloader_clock_init.c.obj
[675/1241] Building C object esp-idf/bootloader_support/CMakeFiles/__idf_bootloader_support.dir/src/bootloader_mem.c.obj
[676/1241] Building C object esp-idf/bootloader_support/CMakeFiles/__idf_bootloader_support.dir/src/bootloader_random.c.obj
[677/1241] Building C object esp-idf/bootloader_support/CMakeFiles/__idf_bootloader_support.dir/src/bootloader_common_loader.c.obj
[678/1241] Building C object esp-idf/bootloader_support/CMakeFiles/__idf_bootloader_support.dir/src/bootloader_random_esp32s3.c.obj
[679/1241] Building C object esp-idf/bootloader_support/CMakeFiles/__idf_bootloader_support.dir/src/bootloader_efuse.c.obj
[680/1241] Building C object esp-idf/bootloader_support/CMakeFiles/__idf_bootloader_support.dir/src/secure_boot.c.obj
[681/1241] Building C object esp-idf/bootloader_support/CMakeFiles/__idf_bootloader_support.dir/src/flash_encrypt.c.obj
[682/1241] Building C object esp-idf/bootloader_support/CMakeFiles/__idf_bootloader_support.dir/bootloader_flash/src/flash_qio_mode.c.obj
[683/1241] Building C object esp-idf/bootloader_support/CMakeFiles/__idf_bootloader_support.dir/src/flash_partitions.c.obj
[684/1241] Building C object esp-idf/bootloader_support/CMakeFiles/__idf_bootloader_support.dir/bootloader_flash/src/bootloader_flash_config_esp32s3.c.obj
[685/1241] Building C object esp-idf/bootloader_support/CMakeFiles/__idf_bootloader_support.dir/bootloader_flash/src/bootloader_flash.c.obj
[686/1241] Linking C static library esp-idf/esp_mm/libesp_mm.a
[687/1241] Building C object esp-idf/bootloader_support/CMakeFiles/__idf_bootloader_support.dir/src/esp32s3/secure_boot_secure_features.c.obj
[688/1241] Building C object esp-idf/bootloader_support/CMakeFiles/__idf_bootloader_support.dir/src/bootloader_sha.c.obj
[689/1241] Building C object esp-idf/efuse/CMakeFiles/__idf_efuse.dir/esp32s3/esp_efuse_fields.c.obj
[690/1241] Building C object esp-idf/efuse/CMakeFiles/__idf_efuse.dir/esp32s3/esp_efuse_table.c.obj
[691/1241] Building C object esp-idf/bootloader_support/CMakeFiles/__idf_bootloader_support.dir/src/bootloader_utility.c.obj
[692/1241] Building C object esp-idf/efuse/CMakeFiles/__idf_efuse.dir/esp32s3/esp_efuse_rtc_calib.c.obj
[693/1241] Building C object esp-idf/bootloader_support/CMakeFiles/__idf_bootloader_support.dir/src/esp_image_format.c.obj
[694/1241] Building C object esp-idf/efuse/CMakeFiles/__idf_efuse.dir/esp32s3/esp_efuse_utility.c.obj
[695/1241] Building C object esp-idf/efuse/CMakeFiles/__idf_efuse.dir/src/esp_efuse_fields.c.obj
[696/1241] Building C object esp-idf/efuse/CMakeFiles/__idf_efuse.dir/src/esp_efuse_api.c.obj
[697/1241] Linking C static library esp-idf/bootloader_support/libbootloader_support.a
[698/1241] Building C object esp-idf/efuse/CMakeFiles/__idf_efuse.dir/src/esp_efuse_startup.c.obj
[699/1241] Building C object esp-idf/efuse/CMakeFiles/__idf_efuse.dir/src/esp_efuse_utility.c.obj
[700/1241] Building C object esp-idf/efuse/CMakeFiles/__idf_efuse.dir/src/efuse_controller/keys/with_key_purposes/esp_efuse_api_key.c.obj
[701/1241] Building C object esp-idf/app_update/CMakeFiles/__idf_app_update.dir/esp_ota_app_desc.c.obj
[702/1241] Building C object esp-idf/esp_bootloader_format/CMakeFiles/__idf_esp_bootloader_format.dir/esp_bootloader_desc.c.obj
[703/1241] Linking C static library esp-idf/efuse/libefuse.a
[704/1241] Building C object esp-idf/esp_partition/CMakeFiles/__idf_esp_partition.dir/partition_target.c.obj
[705/1241] Building C object esp-idf/esp_partition/CMakeFiles/__idf_esp_partition.dir/partition.c.obj
[706/1241] Building C object esp-idf/mbedtls/mbedtls/library/CMakeFiles/mbedtls.dir/debug.c.obj
[707/1241] Building C object esp-idf/esp_app_format/CMakeFiles/__idf_esp_app_format.dir/esp_app_desc.c.obj
[708/1241] Building C object esp-idf/mbedtls/mbedtls/library/CMakeFiles/mbedtls.dir/mps_trace.c.obj
[709/1241] Linking C static library esp-idf/esp_partition/libesp_partition.a
[710/1241] Building C object esp-idf/mbedtls/mbedtls/library/CMakeFiles/mbedtls.dir/mps_reader.c.obj
[711/1241] Building C object esp-idf/mbedtls/mbedtls/library/CMakeFiles/mbedtls.dir/ssl_debug_helpers_generated.c.obj
[712/1241] Building C object esp-idf/mbedtls/mbedtls/library/CMakeFiles/mbedtls.dir/ssl_ciphersuites.c.obj
[713/1241] Building C object esp-idf/mbedtls/mbedtls/library/CMakeFiles/mbedtls.dir/ssl_cookie.c.obj
[714/1241] Building C object esp-idf/mbedtls/mbedtls/library/CMakeFiles/mbedtls.dir/ssl_cache.c.obj
[715/1241] Building C object esp-idf/app_update/CMakeFiles/__idf_app_update.dir/esp_ota_ops.c.obj
[716/1241] Linking C static library esp-idf/app_update/libapp_update.a
[717/1241] Building C object esp-idf/mbedtls/mbedtls/library/CMakeFiles/mbedtls.dir/ssl_client.c.obj
[718/1241] Linking C static library esp-idf/esp_bootloader_format/libesp_bootloader_format.a
[719/1241] Building C object esp-idf/mbedtls/mbedtls/library/CMakeFiles/mbedtls.dir/ssl_tls13_keys.c.obj
[720/1241] Building C object esp-idf/mbedtls/mbedtls/library/CMakeFiles/mbedtls.dir/ssl_ticket.c.obj
[721/1241] Building C object esp-idf/mbedtls/mbedtls/library/CMakeFiles/mbedtls.dir/ssl_tls13_server.c.obj
[722/1241] Building C object esp-idf/mbedtls/mbedtls/library/CMakeFiles/mbedtls.dir/ssl_tls13_client.c.obj
[723/1241] Building C object esp-idf/mbedtls/mbedtls/library/CMakeFiles/mbedtls.dir/ssl_tls13_generic.c.obj
[724/1241] Building C object esp-idf/mbedtls/mbedtls/library/CMakeFiles/mbedtls.dir/ssl_tls12_client.c.obj
[725/1241] Building C object esp-idf/mbedtls/mbedtls/library/CMakeFiles/mbedtls.dir/Users/joy/esp/esp-idf-v5.5.2/components/mbedtls/port/mbedtls_debug.c.obj
[726/1241] Building C object esp-idf/mbedtls/mbedtls/library/CMakeFiles/mbedtls.dir/ssl_msg.c.obj
[727/1241] Building C object esp-idf/mbedtls/mbedtls/library/CMakeFiles/mbedtls.dir/Users/joy/esp/esp-idf-v5.5.2/components/mbedtls/port/esp_platform_time.c.obj
[728/1241] Linking C static library esp-idf/esp_app_format/libesp_app_format.a
[729/1241] Building C object esp-idf/mbedtls/mbedtls/library/CMakeFiles/mbedtls.dir/ssl_tls12_server.c.obj
[730/1241] Building C object esp-idf/mbedtls/mbedtls/library/CMakeFiles/mbedtls.dir/Users/joy/esp/esp-idf-v5.5.2/components/mbedtls/port/net_sockets.c.obj
[731/1241] Building C object esp-idf/mbedtls/mbedtls/library/CMakeFiles/mbedx509.dir/pkcs7.c.obj
[732/1241] Building C object esp-idf/mbedtls/mbedtls/library/CMakeFiles/mbedx509.dir/x509_create.c.obj
[733/1241] Building C object esp-idf/mbedtls/mbedtls/library/CMakeFiles/mbedx509.dir/x509_crl.c.obj
[734/1241] Building C object esp-idf/mbedtls/mbedtls/library/CMakeFiles/mbedtls.dir/ssl_tls.c.obj
[735/1241] Building C object esp-idf/mbedtls/mbedtls/library/CMakeFiles/mbedx509.dir/x509write.c.obj
[736/1241] Building C object esp-idf/mbedtls/mbedtls/library/CMakeFiles/mbedx509.dir/x509.c.obj
[737/1241] Building C object esp-idf/mbedtls/mbedtls/library/CMakeFiles/mbedx509.dir/x509_csr.c.obj
[738/1241] Linking CXX static library esp-idf/mbedtls/mbedtls/library/libmbedtls.a
[739/1241] Building C object esp-idf/mbedtls/mbedtls/library/CMakeFiles/mbedx509.dir/x509write_csr.c.obj
[740/1241] Building C object esp-idf/mbedtls/mbedtls/library/CMakeFiles/mbedcrypto.dir/aesni.c.obj
[741/1241] Building C object esp-idf/mbedtls/mbedtls/library/CMakeFiles/mbedcrypto.dir/aesce.c.obj
[742/1241] Building C object esp-idf/mbedtls/mbedtls/library/CMakeFiles/mbedcrypto.dir/aes.c.obj
[743/1241] Building C object esp-idf/mbedtls/mbedtls/library/CMakeFiles/mbedx509.dir/x509write_crt.c.obj
[744/1241] Building C object esp-idf/mbedtls/mbedtls/library/CMakeFiles/mbedcrypto.dir/base64.c.obj
[745/1241] Building C object esp-idf/mbedtls/mbedtls/library/CMakeFiles/mbedcrypto.dir/asn1write.c.obj
[746/1241] Building C object esp-idf/mbedtls/mbedtls/library/CMakeFiles/mbedcrypto.dir/asn1parse.c.obj
[747/1241] Building C object esp-idf/mbedtls/mbedtls/library/CMakeFiles/mbedcrypto.dir/bignum_mod_raw.c.obj
[748/1241] Building C object esp-idf/mbedtls/mbedtls/library/CMakeFiles/mbedcrypto.dir/bignum_mod.c.obj
[749/1241] Building C object esp-idf/mbedtls/mbedtls/library/CMakeFiles/mbedcrypto.dir/aria.c.obj
[750/1241] Building C object esp-idf/mbedtls/mbedtls/library/CMakeFiles/mbedcrypto.dir/camellia.c.obj
[751/1241] Building C object esp-idf/mbedtls/mbedtls/library/CMakeFiles/mbedcrypto.dir/block_cipher.c.obj
[752/1241] Building C object esp-idf/mbedtls/mbedtls/library/CMakeFiles/mbedx509.dir/x509_crt.c.obj
[753/1241] Building C object esp-idf/mbedtls/mbedtls/library/CMakeFiles/mbedcrypto.dir/chacha20.c.obj
[754/1241] Building C object esp-idf/mbedtls/mbedtls/library/CMakeFiles/mbedcrypto.dir/chachapoly.c.obj
[755/1241] Building C object esp-idf/mbedtls/mbedtls/library/CMakeFiles/mbedcrypto.dir/ccm.c.obj
[756/1241] Building C object esp-idf/mbedtls/mbedtls/library/CMakeFiles/mbedcrypto.dir/bignum_core.c.obj
[757/1241] Building C object esp-idf/mbedtls/mbedtls/library/CMakeFiles/mbedcrypto.dir/constant_time.c.obj
[758/1241] Building C object esp-idf/mbedtls/mbedtls/library/CMakeFiles/mbedcrypto.dir/cipher_wrap.c.obj
[759/1241] Building C object esp-idf/mbedtls/mbedtls/library/CMakeFiles/mbedcrypto.dir/des.c.obj
[760/1241] Building C object esp-idf/mbedtls/mbedtls/library/CMakeFiles/mbedcrypto.dir/bignum.c.obj
[761/1241] Building C object esp-idf/mbedtls/mbedtls/library/CMakeFiles/mbedcrypto.dir/dhm.c.obj
[762/1241] Building C object esp-idf/mbedtls/mbedtls/library/CMakeFiles/mbedcrypto.dir/cipher.c.obj
[763/1241] Building C object esp-idf/mbedtls/mbedtls/library/CMakeFiles/mbedcrypto.dir/ecjpake.c.obj
[764/1241] Building C object esp-idf/mbedtls/mbedtls/library/CMakeFiles/mbedcrypto.dir/ctr_drbg.c.obj
[765/1241] Building C object esp-idf/mbedtls/mbedtls/library/CMakeFiles/mbedcrypto.dir/ecdh.c.obj
[766/1241] Building C object esp-idf/mbedtls/mbedtls/library/CMakeFiles/mbedcrypto.dir/cmac.c.obj
[767/1241] Building C object esp-idf/mbedtls/mbedtls/library/CMakeFiles/mbedcrypto.dir/ecp_curves_new.c.obj
[768/1241] Building C object esp-idf/mbedtls/mbedtls/library/CMakeFiles/mbedcrypto.dir/ecdsa.c.obj
[769/1241] Building C object esp-idf/mbedtls/mbedtls/library/CMakeFiles/mbedcrypto.dir/entropy_poll.c.obj
[770/1241] Building C object esp-idf/mbedtls/mbedtls/library/CMakeFiles/mbedcrypto.dir/hkdf.c.obj
[771/1241] Building C object esp-idf/mbedtls/mbedtls/library/CMakeFiles/mbedcrypto.dir/entropy.c.obj
[772/1241] Building C object esp-idf/mbedtls/mbedtls/library/CMakeFiles/mbedcrypto.dir/error.c.obj
[773/1241] Building C object esp-idf/mbedtls/mbedtls/library/CMakeFiles/mbedcrypto.dir/ecp_curves.c.obj
[774/1241] Building C object esp-idf/mbedtls/mbedtls/library/CMakeFiles/mbedcrypto.dir/lmots.c.obj
[775/1241] Building C object esp-idf/mbedtls/mbedtls/library/CMakeFiles/mbedcrypto.dir/hmac_drbg.c.obj
[776/1241] Building C object esp-idf/mbedtls/mbedtls/library/CMakeFiles/mbedcrypto.dir/memory_buffer_alloc.c.obj
[777/1241] Building C object esp-idf/mbedtls/mbedtls/library/CMakeFiles/mbedcrypto.dir/gcm.c.obj
[778/1241] Building C object esp-idf/mbedtls/mbedtls/library/CMakeFiles/mbedcrypto.dir/md5.c.obj
[779/1241] Building C object esp-idf/mbedtls/mbedtls/library/CMakeFiles/mbedcrypto.dir/nist_kw.c.obj
[780/1241] Building C object esp-idf/mbedtls/mbedtls/library/CMakeFiles/mbedcrypto.dir/ecp.c.obj
[781/1241] Building C object esp-idf/mbedtls/mbedtls/library/CMakeFiles/mbedcrypto.dir/padlock.c.obj
[782/1241] Building C object esp-idf/mbedtls/mbedtls/library/CMakeFiles/mbedcrypto.dir/lms.c.obj
[783/1241] Building C object esp-idf/mbedtls/mbedtls/library/CMakeFiles/mbedcrypto.dir/md.c.obj
[784/1241] Building C object esp-idf/mbedtls/mbedtls/library/CMakeFiles/mbedcrypto.dir/pk_ecc.c.obj
[785/1241] Building C object esp-idf/mbedtls/mbedtls/library/CMakeFiles/mbedcrypto.dir/pem.c.obj
[786/1241] Building C object esp-idf/mbedtls/mbedtls/library/CMakeFiles/mbedcrypto.dir/oid.c.obj
[787/1241] Building C object esp-idf/mbedtls/mbedtls/library/CMakeFiles/mbedcrypto.dir/pk_wrap.c.obj
[788/1241] Building C object esp-idf/mbedtls/mbedtls/library/CMakeFiles/mbedcrypto.dir/pkcs12.c.obj
[789/1241] Building C object esp-idf/mbedtls/mbedtls/library/CMakeFiles/mbedcrypto.dir/pk.c.obj
[790/1241] Building C object esp-idf/mbedtls/mbedtls/library/CMakeFiles/mbedcrypto.dir/platform.c.obj
[791/1241] Building C object esp-idf/mbedtls/mbedtls/library/CMakeFiles/mbedcrypto.dir/pkcs5.c.obj
[792/1241] Building C object esp-idf/mbedtls/mbedtls/library/CMakeFiles/mbedcrypto.dir/poly1305.c.obj
[793/1241] Building C object esp-idf/mbedtls/mbedtls/library/CMakeFiles/mbedcrypto.dir/platform_util.c.obj
[794/1241] Building C object esp-idf/mbedtls/mbedtls/library/CMakeFiles/mbedcrypto.dir/pkwrite.c.obj
[795/1241] Building C object esp-idf/mbedtls/mbedtls/library/CMakeFiles/mbedcrypto.dir/pkparse.c.obj
[796/1241] Building C object esp-idf/mbedtls/mbedtls/library/CMakeFiles/mbedcrypto.dir/psa_crypto_client.c.obj
[797/1241] Building C object esp-idf/mbedtls/mbedtls/library/CMakeFiles/mbedcrypto.dir/psa_crypto_aead.c.obj
[798/1241] Building C object esp-idf/mbedtls/mbedtls/library/CMakeFiles/mbedcrypto.dir/psa_crypto_cipher.c.obj
[799/1241] Building C object esp-idf/mbedtls/mbedtls/library/CMakeFiles/mbedcrypto.dir/psa_crypto_driver_wrappers_no_static.c.obj
[800/1241] Building C object esp-idf/mbedtls/mbedtls/library/CMakeFiles/mbedcrypto.dir/psa_crypto_ffdh.c.obj
[801/1241] Building C object esp-idf/mbedtls/mbedtls/library/CMakeFiles/mbedcrypto.dir/psa_crypto_ecp.c.obj
[802/1241] Building C object esp-idf/mbedtls/mbedtls/library/CMakeFiles/mbedcrypto.dir/psa_crypto_hash.c.obj
[803/1241] Building C object esp-idf/mbedtls/mbedtls/library/CMakeFiles/mbedcrypto.dir/psa_crypto_pake.c.obj
[804/1241] Building C object esp-idf/mbedtls/mbedtls/library/CMakeFiles/mbedcrypto.dir/psa_crypto_se.c.obj
[805/1241] Building C object esp-idf/mbedtls/mbedtls/library/CMakeFiles/mbedcrypto.dir/psa_crypto_mac.c.obj
[806/1241] Building C object esp-idf/mbedtls/mbedtls/library/CMakeFiles/mbedcrypto.dir/psa_crypto_rsa.c.obj
[807/1241] Building C object esp-idf/mbedtls/mbedtls/library/CMakeFiles/mbedcrypto.dir/psa_its_file.c.obj
[808/1241] Building C object esp-idf/mbedtls/mbedtls/library/CMakeFiles/mbedcrypto.dir/psa_crypto_storage.c.obj
[809/1241] Building C object esp-idf/mbedtls/mbedtls/library/CMakeFiles/mbedcrypto.dir/ripemd160.c.obj
[810/1241] Building C object esp-idf/mbedtls/mbedtls/library/CMakeFiles/mbedcrypto.dir/psa_crypto_slot_management.c.obj
[811/1241] Building C object esp-idf/mbedtls/mbedtls/library/CMakeFiles/mbedcrypto.dir/psa_util.c.obj
[812/1241] Building C object esp-idf/mbedtls/mbedtls/library/CMakeFiles/mbedcrypto.dir/rsa_alt_helpers.c.obj
[813/1241] Building C object esp-idf/mbedtls/mbedtls/library/CMakeFiles/mbedcrypto.dir/sha256.c.obj
[814/1241] Building C object esp-idf/mbedtls/mbedtls/library/CMakeFiles/mbedcrypto.dir/sha1.c.obj
[815/1241] Building C object esp-idf/mbedtls/mbedtls/library/CMakeFiles/mbedcrypto.dir/sha512.c.obj
[816/1241] Building C object esp-idf/mbedtls/mbedtls/library/CMakeFiles/mbedcrypto.dir/sha3.c.obj
[817/1241] Building C object esp-idf/mbedtls/mbedtls/library/CMakeFiles/mbedcrypto.dir/threading.c.obj
[818/1241] Building C object esp-idf/mbedtls/mbedtls/library/CMakeFiles/mbedcrypto.dir/timing.c.obj
[819/1241] Building C object esp-idf/mbedtls/mbedtls/library/CMakeFiles/mbedcrypto.dir/version.c.obj
[820/1241] Building C object esp-idf/mbedtls/mbedtls/library/CMakeFiles/mbedcrypto.dir/version_features.c.obj
[821/1241] Building C object esp-idf/mbedtls/mbedtls/library/CMakeFiles/mbedcrypto.dir/Users/joy/esp/esp-idf-v5.5.2/components/mbedtls/port/sha/core/esp_sha_gdma_impl.c.obj
[822/1241] Building C object esp-idf/mbedtls/mbedtls/library/CMakeFiles/mbedcrypto.dir/Users/joy/esp/esp-idf-v5.5.2/components/mbedtls/port/aes/dma/esp_aes_gdma_impl.c.obj
[823/1241] Building C object esp-idf/mbedtls/mbedtls/library/CMakeFiles/mbedcrypto.dir/Users/joy/esp/esp-idf-v5.5.2/components/mbedtls/port/esp_hardware.c.obj
[824/1241] Building C object esp-idf/mbedtls/mbedtls/library/CMakeFiles/mbedcrypto.dir/Users/joy/esp/esp-idf-v5.5.2/components/mbedtls/port/esp_mem.c.obj
[825/1241] Building C object esp-idf/mbedtls/mbedtls/library/CMakeFiles/mbedcrypto.dir/Users/joy/esp/esp-idf-v5.5.2/components/mbedtls/port/crypto_shared_gdma/esp_crypto_shared_gdma.c.obj
[826/1241] Building C object esp-idf/mbedtls/mbedtls/library/CMakeFiles/mbedcrypto.dir/Users/joy/esp/esp-idf-v5.5.2/components/mbedtls/port/esp_timing.c.obj
[827/1241] Building C object esp-idf/mbedtls/mbedtls/library/CMakeFiles/mbedcrypto.dir/Users/joy/esp/esp-idf-v5.5.2/components/mbedtls/port/aes/esp_aes_xts.c.obj
[828/1241] Building C object esp-idf/mbedtls/mbedtls/library/CMakeFiles/mbedcrypto.dir/Users/joy/esp/esp-idf-v5.5.2/components/mbedtls/port/aes/dma/esp_aes_dma_core.c.obj
[829/1241] Building C object esp-idf/mbedtls/mbedtls/library/CMakeFiles/mbedcrypto.dir/rsa.c.obj
[830/1241] Building C object esp-idf/mbedtls/mbedtls/library/CMakeFiles/mbedcrypto.dir/Users/joy/esp/esp-idf-v5.5.2/components/mbedtls/port/aes/esp_aes_common.c.obj
[831/1241] Building C object esp-idf/mbedtls/mbedtls/library/CMakeFiles/mbedcrypto.dir/Users/joy/esp/esp-idf-v5.5.2/components/mbedtls/port/sha/esp_sha.c.obj
[832/1241] Building C object esp-idf/mbedtls/mbedtls/library/CMakeFiles/mbedcrypto.dir/Users/joy/esp/esp-idf-v5.5.2/components/mbedtls/port/aes/dma/esp_aes.c.obj
[833/1241] Building C object esp-idf/mbedtls/mbedtls/library/CMakeFiles/mbedcrypto.dir/Users/joy/esp/esp-idf-v5.5.2/components/mbedtls/port/esp_ds/esp_rsa_dec_alt.c.obj
[834/1241] Building C object esp-idf/mbedtls/mbedtls/library/CMakeFiles/mbedcrypto.dir/Users/joy/esp/esp-idf-v5.5.2/components/mbedtls/port/sha/core/sha.c.obj
[835/1241] Building C object esp-idf/mbedtls/mbedtls/library/CMakeFiles/mbedcrypto.dir/Users/joy/esp/esp-idf-v5.5.2/components/mbedtls/port/esp_hmac_pbkdf2.c.obj
[836/1241] Building C object esp-idf/mbedtls/mbedtls/library/CMakeFiles/mbedcrypto.dir/Users/joy/esp/esp-idf-v5.5.2/components/mbedtls/port/esp_ds/esp_rsa_sign_alt.c.obj
[837/1241] Building C object esp-idf/mbedtls/mbedtls/library/CMakeFiles/mbedcrypto.dir/Users/joy/esp/esp-idf-v5.5.2/components/mbedtls/port/esp_ds/esp_ds_common.c.obj
[838/1241] Building C object esp-idf/mbedtls/mbedtls/library/CMakeFiles/mbedcrypto.dir/Users/joy/esp/esp-idf-v5.5.2/components/mbedtls/port/bignum/bignum_alt.c.obj
[839/1241] Building C object esp-idf/mbedtls/mbedtls/library/CMakeFiles/mbedcrypto.dir/Users/joy/esp/esp-idf-v5.5.2/components/mbedtls/port/sha/core/esp_sha256.c.obj
[840/1241] Building C object esp-idf/mbedtls/mbedtls/library/CMakeFiles/mbedcrypto.dir/Users/joy/esp/esp-idf-v5.5.2/components/mbedtls/port/sha/core/esp_sha1.c.obj
[841/1241] Building C object esp-idf/mbedtls/mbedtls/library/CMakeFiles/mbedcrypto.dir/psa_crypto.c.obj
[842/1241] Building C object esp-idf/mbedtls/mbedtls/library/CMakeFiles/mbedcrypto.dir/Users/joy/esp/esp-idf-v5.5.2/components/mbedtls/port/md/esp_md.c.obj
[843/1241] Building C object esp-idf/mbedtls/mbedtls/library/CMakeFiles/mbedcrypto.dir/Users/joy/esp/esp-idf-v5.5.2/components/mbedtls/port/bignum/esp_bignum.c.obj
[844/1241] Linking CXX static library esp-idf/mbedtls/mbedtls/library/libmbedx509.a
[845/1241] Building C object esp-idf/mbedtls/mbedtls/library/CMakeFiles/mbedcrypto.dir/Users/joy/esp/esp-idf-v5.5.2/components/mbedtls/port/sha/core/esp_sha512.c.obj
[846/1241] Building C object esp-idf/mbedtls/mbedtls/3rdparty/everest/CMakeFiles/everest.dir/library/x25519.c.obj
[847/1241] Building C object esp-idf/mbedtls/mbedtls/3rdparty/everest/CMakeFiles/everest.dir/library/everest.c.obj
[848/1241] Building C object esp-idf/mbedtls/mbedtls/3rdparty/everest/CMakeFiles/everest.dir/library/Hacl_Curve25519_joined.c.obj
[849/1241] Building C object esp-idf/mbedtls/mbedtls/3rdparty/p256-m/CMakeFiles/p256m.dir/p256-m/p256-m.c.obj
[850/1241] Building C object esp-idf/mbedtls/mbedtls/3rdparty/p256-m/CMakeFiles/p256m.dir/p256-m_driver_entrypoints.c.obj
[851/1241] No install step for 'bootloader'
[852/1241] Building C object esp-idf/mbedtls/mbedtls/library/CMakeFiles/mbedcrypto.dir/Users/joy/esp/esp-idf-v5.5.2/components/mbedtls/port/aes/esp_aes_gcm.c.obj
[853/1241] Completed 'bootloader'
[854/1241] Linking CXX static library esp-idf/mbedtls/mbedtls/library/libmbedcrypto.a
[855/1241] Linking CXX static library esp-idf/mbedtls/mbedtls/3rdparty/p256-m/libp256m.a
[856/1241] Linking CXX static library esp-idf/mbedtls/mbedtls/3rdparty/everest/libeverest.a
[857/1241] Building C object esp-idf/esp_pm/CMakeFiles/__idf_esp_pm.dir/pm_trace.c.obj
[858/1241] Building C object esp-idf/esp_driver_gpio/CMakeFiles/__idf_esp_driver_gpio.dir/src/gpio_glitch_filter_ops.c.obj
[859/1241] Building C object esp-idf/esp_pm/CMakeFiles/__idf_esp_pm.dir/pm_locks.c.obj
[860/1241] Building C object esp-idf/mbedtls/CMakeFiles/__idf_mbedtls.dir/esp_crt_bundle/esp_crt_bundle.c.obj
[861/1241] Building C object esp-idf/esp_pm/CMakeFiles/__idf_esp_pm.dir/pm_impl.c.obj
[862/1241] Linking C static library esp-idf/mbedtls/libmbedtls.a
[863/1241] Building C object esp-idf/esp_driver_gpio/CMakeFiles/__idf_esp_driver_gpio.dir/src/gpio_pin_glitch_filter.c.obj
[864/1241] Building C object esp-idf/xtensa/CMakeFiles/__idf_xtensa.dir/xt_trax.c.obj
[865/1241] Building C object esp-idf/esp_driver_gpio/CMakeFiles/__idf_esp_driver_gpio.dir/src/dedic_gpio.c.obj
[866/1241] Building C object esp-idf/esp_driver_gpio/CMakeFiles/__idf_esp_driver_gpio.dir/src/rtc_io.c.obj
[867/1241] Linking C static library esp-idf/esp_pm/libesp_pm.a
[868/1241] Building ASM object esp-idf/xtensa/CMakeFiles/__idf_xtensa.dir/xtensa_intr_asm.S.obj
[869/1241] Building ASM object esp-idf/xtensa/CMakeFiles/__idf_xtensa.dir/xtensa_context.S.obj
[870/1241] Building ASM object esp-idf/xtensa/CMakeFiles/__idf_xtensa.dir/xtensa_vectors.S.obj
[871/1241] Building C object esp-idf/xtensa/CMakeFiles/__idf_xtensa.dir/xtensa_intr.c.obj
[872/1241] Building C object esp-idf/console/CMakeFiles/__idf_console.dir/split_argv.c.obj
[873/1241] Building C object esp-idf/console/CMakeFiles/__idf_console.dir/esp_console_common.c.obj
[874/1241] Building C object esp-idf/console/CMakeFiles/__idf_console.dir/esp_console_repl_internal.c.obj
[875/1241] Building C object esp-idf/console/CMakeFiles/__idf_console.dir/commands.c.obj
[876/1241] Building C object esp-idf/esp_driver_gpio/CMakeFiles/__idf_esp_driver_gpio.dir/src/gpio.c.obj
[877/1241] Building C object esp-idf/console/CMakeFiles/__idf_console.dir/esp_console_repl_chip.c.obj
[878/1241] Building C object esp-idf/console/CMakeFiles/__idf_console.dir/argtable3/arg_cmd.c.obj
[879/1241] Linking C static library esp-idf/esp_driver_gpio/libesp_driver_gpio.a
[880/1241] Building C object esp-idf/console/CMakeFiles/__idf_console.dir/argtable3/arg_dbl.c.obj
[881/1241] Linking C static library esp-idf/xtensa/libxtensa.a
[882/1241] Building C object esp-idf/console/CMakeFiles/__idf_console.dir/argtable3/arg_date.c.obj
[883/1241] Building C object esp-idf/console/CMakeFiles/__idf_console.dir/argtable3/arg_dstr.c.obj
[884/1241] Building C object esp-idf/console/CMakeFiles/__idf_console.dir/linenoise/linenoise.c.obj
[885/1241] Building C object esp-idf/console/CMakeFiles/__idf_console.dir/argtable3/arg_end.c.obj
[886/1241] Building C object esp-idf/console/CMakeFiles/__idf_console.dir/argtable3/arg_file.c.obj
[887/1241] Building C object esp-idf/console/CMakeFiles/__idf_console.dir/argtable3/arg_hashtable.c.obj
[888/1241] Building C object esp-idf/console/CMakeFiles/__idf_console.dir/argtable3/arg_rem.c.obj
[889/1241] Building C object esp-idf/console/CMakeFiles/__idf_console.dir/argtable3/arg_lit.c.obj
[890/1241] Building C object esp-idf/console/CMakeFiles/__idf_console.dir/argtable3/arg_int.c.obj
[891/1241] Building C object esp-idf/console/CMakeFiles/__idf_console.dir/argtable3/arg_str.c.obj
[892/1241] Building C object esp-idf/console/CMakeFiles/__idf_console.dir/argtable3/arg_utils.c.obj
[893/1241] Building C object esp-idf/console/CMakeFiles/__idf_console.dir/argtable3/arg_rex.c.obj
[894/1241] Building C object esp-idf/console/CMakeFiles/__idf_console.dir/argtable3/argtable3.c.obj
[895/1241] Building C object esp-idf/spiffs/CMakeFiles/__idf_spiffs.dir/spiffs_api.c.obj
[896/1241] Building C object esp-idf/spiffs/CMakeFiles/__idf_spiffs.dir/spiffs/src/spiffs_cache.c.obj
[897/1241] Building C object esp-idf/json/CMakeFiles/__idf_json.dir/cJSON/cJSON_Utils.c.obj
[898/1241] Building C object esp-idf/spiffs/CMakeFiles/__idf_spiffs.dir/spiffs/src/spiffs_gc.c.obj
[899/1241] Building C object esp-idf/spiffs/CMakeFiles/__idf_spiffs.dir/spiffs/src/spiffs_check.c.obj
[900/1241] Building C object esp-idf/json/CMakeFiles/__idf_json.dir/cJSON/cJSON.c.obj
[901/1241] Building C object esp-idf/spiffs/CMakeFiles/__idf_spiffs.dir/spiffs/src/spiffs_hydrogen.c.obj
[902/1241] Building C object esp-idf/protobuf-c/CMakeFiles/__idf_protobuf-c.dir/protobuf-c/protobuf-c/protobuf-c.c.obj
[903/1241] Building C object esp-idf/spiffs/CMakeFiles/__idf_spiffs.dir/esp_spiffs.c.obj
[904/1241] Building C object esp-idf/spiffs/CMakeFiles/__idf_spiffs.dir/spiffs/src/spiffs_nucleus.c.obj
[905/1241] Building C object esp-idf/usb/CMakeFiles/__idf_usb.dir/usb_helpers.c.obj
[906/1241] Building C object esp-idf/usb/CMakeFiles/__idf_usb.dir/enum.c.obj
[907/1241] Building C object esp-idf/usb/CMakeFiles/__idf_usb.dir/hub.c.obj
[908/1241] Building C object esp-idf/usb/CMakeFiles/__idf_usb.dir/usb_private.c.obj
[909/1241] Building C object esp-idf/voicekey_core/CMakeFiles/__idf_voicekey_core.dir/voicekey_core.c.obj
[910/1241] Building C object esp-idf/voicekey_core/CMakeFiles/__idf_voicekey_core.dir/voicekey_audio.c.obj
[911/1241] Building C object esp-idf/voicekey_core/CMakeFiles/__idf_voicekey_core.dir/voicekey_xvf.c.obj
[912/1241] Building C object esp-idf/usb/CMakeFiles/__idf_usb.dir/usb_phy.c.obj
[913/1241] Building C object esp-idf/usb/CMakeFiles/__idf_usb.dir/hcd_dwc.c.obj
[914/1241] Building C object esp-idf/usb/CMakeFiles/__idf_usb.dir/usb_host.c.obj
[915/1241] Building C object esp-idf/espressif__tinyusb/CMakeFiles/__idf_espressif__tinyusb.dir/src/class/hid/hid_device.c.obj
[916/1241] Building C object esp-idf/usb/CMakeFiles/__idf_usb.dir/usbh.c.obj
[917/1241] Building C object esp-idf/espressif__tinyusb/CMakeFiles/__idf_espressif__tinyusb.dir/lib/networking/rndis_reports.c.obj
[918/1241] Building C object esp-idf/espressif__tinyusb/CMakeFiles/__idf_espressif__tinyusb.dir/src/portable/synopsys/dwc2/dwc2_common.c.obj
[919/1241] Building C object esp-idf/espressif__tinyusb/CMakeFiles/__idf_espressif__tinyusb.dir/src/device/usbd_control.c.obj
[920/1241] Building C object esp-idf/espressif__tinyusb/CMakeFiles/__idf_espressif__tinyusb.dir/src/class/audio/audio_device.c.obj
[921/1241] Building C object esp-idf/espressif__tinyusb/CMakeFiles/__idf_espressif__tinyusb.dir/src/portable/synopsys/dwc2/dcd_dwc2.c.obj
[922/1241] Building C object esp-idf/espressif__dl_fft/CMakeFiles/__idf_espressif__dl_fft.dir/dl_fft_f32.c.obj
[923/1241] Building C object esp-idf/espressif__tinyusb/CMakeFiles/__idf_espressif__tinyusb.dir/src/common/tusb_fifo.c.obj
[924/1241] Building C object esp-idf/espressif__dl_fft/CMakeFiles/__idf_espressif__dl_fft.dir/dl_fft_s16.c.obj
[925/1241] Building C object esp-idf/espressif__dl_fft/CMakeFiles/__idf_espressif__dl_fft.dir/dl_rfft_f32.c.obj
[926/1241] Building C object esp-idf/espressif__dl_fft/CMakeFiles/__idf_espressif__dl_fft.dir/dl_rfft_s16.c.obj
[927/1241] Building C object esp-idf/espressif__tinyusb/CMakeFiles/__idf_espressif__tinyusb.dir/src/tusb.c.obj
[928/1241] Building C object esp-idf/espressif__tinyusb/CMakeFiles/__idf_espressif__tinyusb.dir/src/device/usbd.c.obj
[929/1241] Building C object esp-idf/espressif__dl_fft/CMakeFiles/__idf_espressif__dl_fft.dir/base/dl_fft_table.c.obj
[930/1241] Building C object esp-idf/espressif__dl_fft/CMakeFiles/__idf_espressif__dl_fft.dir/base/dl_fft4r_fc32_ansi.c.obj
[931/1241] Building C object esp-idf/espressif__dl_fft/CMakeFiles/__idf_espressif__dl_fft.dir/base/dl_fft2r_fc32_ansi.c.obj
[932/1241] Building ASM object esp-idf/espressif__esp-dsp/CMakeFiles/__idf_espressif__esp-dsp.dir/modules/dotprod/float/dsps_dotprod_f32_ae32.S.obj
[933/1241] Building C object esp-idf/espressif__dl_fft/CMakeFiles/__idf_espressif__dl_fft.dir/base/dl_fft_base.c.obj
[934/1241] Building C object esp-idf/espressif__esp-dsp/CMakeFiles/__idf_espressif__esp-dsp.dir/modules/common/misc/aes3_tie_log.c.obj
[935/1241] Building ASM object esp-idf/espressif__esp-dsp/CMakeFiles/__idf_espressif__esp-dsp.dir/modules/dotprod/float/dsps_dotprode_f32_ae32.S.obj
[936/1241] Building C object esp-idf/espressif__dl_fft/CMakeFiles/__idf_espressif__dl_fft.dir/base/dl_fft2r_sc16_dif_ansi.c.obj
[937/1241] Building CXX object esp-idf/espressif__esp-dsp/CMakeFiles/__idf_espressif__esp-dsp.dir/modules/common/misc/dsps_pwroftwo.cpp.obj
[938/1241] Building ASM object esp-idf/espressif__esp-dsp/CMakeFiles/__idf_espressif__esp-dsp.dir/modules/dotprod/float/dsps_dotprod_f32_aes3.S.obj
[939/1241] Building C object esp-idf/espressif__esp-dsp/CMakeFiles/__idf_espressif__esp-dsp.dir/modules/dotprod/float/dsps_dotprod_f32_ansi.c.obj
[940/1241] Building ASM object esp-idf/espressif__esp-dsp/CMakeFiles/__idf_espressif__esp-dsp.dir/modules/dotprod/float/dsps_dotprod_f32_arp4.S.obj
[941/1241] Building C object esp-idf/espressif__dl_fft/CMakeFiles/__idf_espressif__dl_fft.dir/base/dl_fft2r_sc16_ansi.c.obj
[942/1241] Building ASM object esp-idf/espressif__esp-dsp/CMakeFiles/__idf_espressif__esp-dsp.dir/modules/dotprod/fixed/dsps_dotprod_s16_ae32.S.obj
[943/1241] Building ASM object esp-idf/espressif__esp-dsp/CMakeFiles/__idf_espressif__esp-dsp.dir/modules/dotprod/fixed/dsps_dotprod_s16_arp4.S.obj
[944/1241] Building C object esp-idf/espressif__esp-dsp/CMakeFiles/__idf_espressif__esp-dsp.dir/modules/dotprod/float/dsps_dotprode_f32_ansi.c.obj
[945/1241] Building ASM object esp-idf/espressif__esp-dsp/CMakeFiles/__idf_espressif__esp-dsp.dir/modules/dotprod/float/dsps_dotprode_f32_arp4.S.obj
[946/1241] Building C object esp-idf/espressif__esp-dsp/CMakeFiles/__idf_espressif__esp-dsp.dir/modules/dotprod/float/dspi_dotprod_f32_ansi.c.obj
[947/1241] Building C object esp-idf/espressif__esp-dsp/CMakeFiles/__idf_espressif__esp-dsp.dir/modules/dotprod/fixed/dsps_dotprod_s16_ansi.c.obj
[948/1241] Building C object esp-idf/espressif__esp-dsp/CMakeFiles/__idf_espressif__esp-dsp.dir/modules/dotprod/float/dspi_dotprod_off_f32_ansi.c.obj
[949/1241] Building C object esp-idf/espressif__esp-dsp/CMakeFiles/__idf_espressif__esp-dsp.dir/modules/dotprod/fixed/dspi_dotprod_s16_ansi.c.obj
[950/1241] Building C object esp-idf/espressif__esp-dsp/CMakeFiles/__idf_espressif__esp-dsp.dir/modules/dotprod/fixed/dspi_dotprod_u16_ansi.c.obj
[951/1241] Building C object esp-idf/espressif__esp-dsp/CMakeFiles/__idf_espressif__esp-dsp.dir/modules/dotprod/fixed/dspi_dotprod_s8_ansi.c.obj
[952/1241] Building C object esp-idf/espressif__esp-dsp/CMakeFiles/__idf_espressif__esp-dsp.dir/modules/dotprod/fixed/dspi_dotprod_u8_ansi.c.obj
[953/1241] Building C object esp-idf/espressif__esp-dsp/CMakeFiles/__idf_espressif__esp-dsp.dir/modules/dotprod/fixed/dspi_dotprod_off_u16_ansi.c.obj
[954/1241] Building C object esp-idf/espressif__esp-dsp/CMakeFiles/__idf_espressif__esp-dsp.dir/modules/dotprod/fixed/dspi_dotprod_off_s16_ansi.c.obj
[955/1241] Building ASM object esp-idf/espressif__esp-dsp/CMakeFiles/__idf_espressif__esp-dsp.dir/modules/dotprod/fixed/dspi_dotprod_s16_aes3.S.obj
[956/1241] Building ASM object esp-idf/espressif__esp-dsp/CMakeFiles/__idf_espressif__esp-dsp.dir/modules/dotprod/fixed/dspi_dotprod_u16_aes3.S.obj
[957/1241] Building C object esp-idf/espressif__esp-dsp/CMakeFiles/__idf_espressif__esp-dsp.dir/modules/dotprod/fixed/dspi_dotprod_off_s8_ansi.c.obj
[958/1241] Building ASM object esp-idf/espressif__esp-dsp/CMakeFiles/__idf_espressif__esp-dsp.dir/modules/dotprod/fixed/dspi_dotprod_off_u16_aes3.S.obj
[959/1241] Building ASM object esp-idf/espressif__esp-dsp/CMakeFiles/__idf_espressif__esp-dsp.dir/modules/dotprod/fixed/dspi_dotprod_off_s16_aes3.S.obj
[960/1241] Building ASM object esp-idf/espressif__esp-dsp/CMakeFiles/__idf_espressif__esp-dsp.dir/modules/dotprod/fixed/dspi_dotprod_s8_aes3.S.obj
[961/1241] Building C object esp-idf/espressif__esp-dsp/CMakeFiles/__idf_espressif__esp-dsp.dir/modules/dotprod/fixed/dspi_dotprod_off_u8_ansi.c.obj
[962/1241] Building ASM object esp-idf/espressif__esp-dsp/CMakeFiles/__idf_espressif__esp-dsp.dir/modules/dotprod/fixed/dspi_dotprod_off_s8_aes3.S.obj
[963/1241] Building ASM object esp-idf/espressif__esp-dsp/CMakeFiles/__idf_espressif__esp-dsp.dir/modules/dotprod/fixed/dspi_dotprod_u8_aes3.S.obj
[964/1241] Building ASM object esp-idf/espressif__esp-dsp/CMakeFiles/__idf_espressif__esp-dsp.dir/modules/dotprod/fixed/dspi_dotprod_off_u8_aes3.S.obj
[965/1241] Building ASM object esp-idf/espressif__esp-dsp/CMakeFiles/__idf_espressif__esp-dsp.dir/modules/dotprod/fixed/dspi_dotprod_s16_arp4.S.obj
[966/1241] Building ASM object esp-idf/espressif__esp-dsp/CMakeFiles/__idf_espressif__esp-dsp.dir/modules/dotprod/fixed/dspi_dotprod_s8_arp4.S.obj
[967/1241] Building ASM object esp-idf/espressif__esp-dsp/CMakeFiles/__idf_espressif__esp-dsp.dir/modules/dotprod/fixed/dspi_dotprod_u16_arp4.S.obj
[968/1241] Building ASM object esp-idf/espressif__esp-dsp/CMakeFiles/__idf_espressif__esp-dsp.dir/modules/dotprod/fixed/dspi_dotprod_u8_arp4.S.obj
[969/1241] Building ASM object esp-idf/espressif__esp-dsp/CMakeFiles/__idf_espressif__esp-dsp.dir/modules/dotprod/fixed/dspi_dotprod_off_s16_arp4.S.obj
[970/1241] Building ASM object esp-idf/espressif__esp-dsp/CMakeFiles/__idf_espressif__esp-dsp.dir/modules/dotprod/fixed/dspi_dotprod_off_u16_arp4.S.obj
[971/1241] Building ASM object esp-idf/espressif__esp-dsp/CMakeFiles/__idf_espressif__esp-dsp.dir/modules/dotprod/fixed/dspi_dotprod_off_u8_arp4.S.obj
[972/1241] Building ASM object esp-idf/espressif__esp-dsp/CMakeFiles/__idf_espressif__esp-dsp.dir/modules/dotprod/fixed/dspi_dotprod_off_s8_arp4.S.obj
[973/1241] Building ASM object esp-idf/espressif__esp-dsp/CMakeFiles/__idf_espressif__esp-dsp.dir/modules/matrix/mul/float/dspm_mult_3x3x1_f32_ae32.S.obj
[974/1241] Building ASM object esp-idf/espressif__esp-dsp/CMakeFiles/__idf_espressif__esp-dsp.dir/modules/matrix/mul/float/dspm_mult_4x4x1_f32_ae32.S.obj
[975/1241] Building ASM object esp-idf/espressif__esp-dsp/CMakeFiles/__idf_espressif__esp-dsp.dir/modules/matrix/mul/float/dspm_mult_3x3x3_f32_ae32.S.obj
[976/1241] Building ASM object esp-idf/espressif__esp-dsp/CMakeFiles/__idf_espressif__esp-dsp.dir/modules/matrix/mul/float/dspm_mult_4x4x4_f32_ae32.S.obj
[977/1241] Building ASM object esp-idf/espressif__esp-dsp/CMakeFiles/__idf_espressif__esp-dsp.dir/modules/matrix/mul/float/dspm_mult_f32_ae32.S.obj
[978/1241] Building ASM object esp-idf/espressif__esp-dsp/CMakeFiles/__idf_espressif__esp-dsp.dir/modules/matrix/mul/float/dspm_mult_f32_aes3.S.obj
[979/1241] Building ASM object esp-idf/espressif__esp-dsp/CMakeFiles/__idf_espressif__esp-dsp.dir/modules/matrix/mul/float/dspm_mult_f32_arp4.S.obj
[980/1241] Building ASM object esp-idf/espressif__esp-dsp/CMakeFiles/__idf_espressif__esp-dsp.dir/modules/matrix/mul/float/dspm_mult_ex_f32_ae32.S.obj
[981/1241] Building ASM object esp-idf/espressif__esp-dsp/CMakeFiles/__idf_espressif__esp-dsp.dir/modules/matrix/mul/float/dspm_mult_ex_f32_arp4.S.obj
[982/1241] Building C object esp-idf/espressif__esp-dsp/CMakeFiles/__idf_espressif__esp-dsp.dir/modules/matrix/mul/float/dspm_mult_ex_f32_ansi.c.obj
[983/1241] Building ASM object esp-idf/espressif__esp-dsp/CMakeFiles/__idf_espressif__esp-dsp.dir/modules/matrix/mul/float/dspm_mult_ex_f32_aes3.S.obj
[984/1241] Building ASM object esp-idf/espressif__esp-dsp/CMakeFiles/__idf_espressif__esp-dsp.dir/modules/matrix/mul/fixed/dspm_mult_s16_ae32.S.obj
[985/1241] Building ASM object esp-idf/espressif__esp-dsp/CMakeFiles/__idf_espressif__esp-dsp.dir/modules/matrix/mul/fixed/dspm_mult_s16_arp4.S.obj
[986/1241] Building C object esp-idf/espressif__esp-dsp/CMakeFiles/__idf_espressif__esp-dsp.dir/modules/matrix/mul/float/dspm_mult_f32_ansi.c.obj
[987/1241] Building ASM object esp-idf/espressif__esp-dsp/CMakeFiles/__idf_espressif__esp-dsp.dir/modules/matrix/mul/fixed/dspm_mult_s16_aes3.S.obj
[988/1241] Building ASM object esp-idf/espressif__esp-dsp/CMakeFiles/__idf_espressif__esp-dsp.dir/modules/matrix/add/float/dspm_add_f32_ae32.S.obj
[989/1241] Building ASM object esp-idf/espressif__esp-dsp/CMakeFiles/__idf_espressif__esp-dsp.dir/modules/matrix/addc/float/dspm_addc_f32_ae32.S.obj
[990/1241] Building C object esp-idf/espressif__esp-dsp/CMakeFiles/__idf_espressif__esp-dsp.dir/modules/matrix/mul/fixed/dspm_mult_s16_ansi.c.obj
[991/1241] Building C object esp-idf/espressif__esp-dsp/CMakeFiles/__idf_espressif__esp-dsp.dir/modules/matrix/add/float/dspm_add_f32_ansi.c.obj
[992/1241] Building ASM object esp-idf/espressif__esp-dsp/CMakeFiles/__idf_espressif__esp-dsp.dir/modules/matrix/mulc/float/dspm_mulc_f32_ae32.S.obj
[993/1241] Building C object esp-idf/espressif__esp-dsp/CMakeFiles/__idf_espressif__esp-dsp.dir/modules/matrix/mulc/float/dspm_mulc_f32_ansi.c.obj
[994/1241] Building C object esp-idf/espressif__esp-dsp/CMakeFiles/__idf_espressif__esp-dsp.dir/modules/matrix/addc/float/dspm_addc_f32_ansi.c.obj
[995/1241] Building ASM object esp-idf/espressif__esp-dsp/CMakeFiles/__idf_espressif__esp-dsp.dir/modules/matrix/sub/float/dspm_sub_f32_ae32.S.obj
[996/1241] Building C object esp-idf/espressif__esp-dsp/CMakeFiles/__idf_espressif__esp-dsp.dir/modules/matrix/sub/float/dspm_sub_f32_ansi.c.obj
[997/1241] Building C object esp-idf/espressif__esp-dsp/CMakeFiles/__idf_espressif__esp-dsp.dir/modules/math/mulc/float/dsps_mulc_f32_ansi.c.obj
[998/1241] Building ASM object esp-idf/espressif__esp-dsp/CMakeFiles/__idf_espressif__esp-dsp.dir/modules/math/mulc/fixed/dsps_mulc_s16_ae32.S.obj
[999/1241] Building C object esp-idf/espressif__esp-dsp/CMakeFiles/__idf_espressif__esp-dsp.dir/modules/math/addc/float/dsps_addc_f32_ansi.c.obj
[1000/1241] Building C object esp-idf/espressif__esp-dsp/CMakeFiles/__idf_espressif__esp-dsp.dir/modules/math/mulc/fixed/dsps_mulc_s16_ansi.c.obj
[1001/1241] Building ASM object esp-idf/espressif__esp-dsp/CMakeFiles/__idf_espressif__esp-dsp.dir/modules/math/add/fixed/dsps_add_s16_ae32.S.obj
[1002/1241] Building ASM object esp-idf/espressif__esp-dsp/CMakeFiles/__idf_espressif__esp-dsp.dir/modules/math/add/fixed/dsps_add_s16_aes3.S.obj
[1003/1241] Building C object esp-idf/espressif__esp-dsp/CMakeFiles/__idf_espressif__esp-dsp.dir/modules/math/add/fixed/dsps_add_s8_ansi.c.obj
[1004/1241] Building C object esp-idf/espressif__esp-dsp/CMakeFiles/__idf_espressif__esp-dsp.dir/modules/math/add/float/dsps_add_f32_ansi.c.obj
[1005/1241] Building C object esp-idf/espressif__esp-dsp/CMakeFiles/__idf_espressif__esp-dsp.dir/modules/math/add/fixed/dsps_add_s16_ansi.c.obj
[1006/1241] Building ASM object esp-idf/espressif__esp-dsp/CMakeFiles/__idf_espressif__esp-dsp.dir/modules/math/add/fixed/dsps_add_s8_aes3.S.obj
[1007/1241] Building ASM object esp-idf/espressif__esp-dsp/CMakeFiles/__idf_espressif__esp-dsp.dir/modules/math/sub/fixed/dsps_sub_s16_ae32.S.obj
[1008/1241] Building ASM object esp-idf/espressif__esp-dsp/CMakeFiles/__idf_espressif__esp-dsp.dir/modules/math/sub/fixed/dsps_sub_s16_aes3.S.obj
[1009/1241] Building C object esp-idf/espressif__esp-dsp/CMakeFiles/__idf_espressif__esp-dsp.dir/modules/math/sub/float/dsps_sub_f32_ansi.c.obj
[1010/1241] Building ASM object esp-idf/espressif__esp-dsp/CMakeFiles/__idf_espressif__esp-dsp.dir/modules/math/sub/fixed/dsps_sub_s8_aes3.S.obj
[1011/1241] Building C object esp-idf/espressif__esp-dsp/CMakeFiles/__idf_espressif__esp-dsp.dir/modules/math/sub/fixed/dsps_sub_s16_ansi.c.obj
[1012/1241] Building C object esp-idf/espressif__esp-dsp/CMakeFiles/__idf_espressif__esp-dsp.dir/modules/math/mul/float/dsps_mul_f32_ansi.c.obj
[1013/1241] Building ASM object esp-idf/espressif__esp-dsp/CMakeFiles/__idf_espressif__esp-dsp.dir/modules/math/mul/fixed/dsps_mul_s16_ae32.S.obj
[1014/1241] Building ASM object esp-idf/espressif__esp-dsp/CMakeFiles/__idf_espressif__esp-dsp.dir/modules/math/mul/fixed/dsps_mul_s16_aes3.S.obj
[1015/1241] Building C object esp-idf/espressif__esp-dsp/CMakeFiles/__idf_espressif__esp-dsp.dir/modules/math/sub/fixed/dsps_sub_s8_ansi.c.obj
[1016/1241] Building ASM object esp-idf/espressif__esp-dsp/CMakeFiles/__idf_espressif__esp-dsp.dir/modules/math/addc/float/dsps_addc_f32_ae32.S.obj
[1017/1241] Building C object esp-idf/espressif__esp-dsp/CMakeFiles/__idf_espressif__esp-dsp.dir/modules/math/mul/fixed/dsps_mul_s16_ansi.c.obj
[1018/1241] Building ASM object esp-idf/espressif__esp-dsp/CMakeFiles/__idf_espressif__esp-dsp.dir/modules/math/mul/fixed/dsps_mul_s8_aes3.S.obj
[1019/1241] Building ASM object esp-idf/espressif__esp-dsp/CMakeFiles/__idf_espressif__esp-dsp.dir/modules/math/mulc/float/dsps_mulc_f32_ae32.S.obj
[1020/1241] Building C object esp-idf/espressif__esp-dsp/CMakeFiles/__idf_espressif__esp-dsp.dir/modules/math/mul/fixed/dsps_mul_s8_ansi.c.obj
[1021/1241] Building ASM object esp-idf/espressif__esp-dsp/CMakeFiles/__idf_espressif__esp-dsp.dir/modules/math/sub/float/dsps_sub_f32_ae32.S.obj
[1022/1241] Building ASM object esp-idf/espressif__esp-dsp/CMakeFiles/__idf_espressif__esp-dsp.dir/modules/math/add/float/dsps_add_f32_ae32.S.obj
[1023/1241] Building ASM object esp-idf/espressif__esp-dsp/CMakeFiles/__idf_espressif__esp-dsp.dir/modules/math/mul/float/dsps_mul_f32_ae32.S.obj
[1024/1241] Building ASM object esp-idf/espressif__esp-dsp/CMakeFiles/__idf_espressif__esp-dsp.dir/modules/fft/float/dsps_fft2r_fc32_ae32_.S.obj
[1025/1241] Building ASM object esp-idf/espressif__esp-dsp/CMakeFiles/__idf_espressif__esp-dsp.dir/modules/fft/float/dsps_fft2r_fc32_aes3_.S.obj
[1026/1241] Building ASM object esp-idf/espressif__esp-dsp/CMakeFiles/__idf_espressif__esp-dsp.dir/modules/fft/float/dsps_fft2r_fc32_arp4.S.obj
[1027/1241] Building C object esp-idf/espressif__esp-dsp/CMakeFiles/__idf_espressif__esp-dsp.dir/modules/math/sqrt/float/dsps_sqrt_f32_ansi.c.obj
[1028/1241] Building ASM object esp-idf/espressif__esp-dsp/CMakeFiles/__idf_espressif__esp-dsp.dir/modules/fft/float/dsps_bit_rev_lookup_fc32_aes3.S.obj
[1029/1241] Building C object esp-idf/espressif__esp-dsp/CMakeFiles/__idf_espressif__esp-dsp.dir/modules/fft/float/dsps_fft2r_fc32_ae32.c.obj
[1030/1241] Building ASM object esp-idf/espressif__esp-dsp/CMakeFiles/__idf_espressif__esp-dsp.dir/modules/fft/float/dsps_fft4r_fc32_ae32_.S.obj
[1031/1241] Building C object esp-idf/espressif__esp-dsp/CMakeFiles/__idf_espressif__esp-dsp.dir/modules/fft/float/dsps_fft4r_fc32_ae32.c.obj
[1032/1241] Building ASM object esp-idf/espressif__esp-dsp/CMakeFiles/__idf_espressif__esp-dsp.dir/modules/fft/float/dsps_fft4r_fc32_arp4.S.obj
[1033/1241] Building ASM object esp-idf/espressif__esp-dsp/CMakeFiles/__idf_espressif__esp-dsp.dir/modules/fft/float/dsps_fft4r_fc32_aes3_.S.obj
[1034/1241] Building ASM object esp-idf/espressif__esp-dsp/CMakeFiles/__idf_espressif__esp-dsp.dir/modules/fft/fixed/dsps_fft2r_sc16_ae32.S.obj
[1035/1241] Building ASM object esp-idf/espressif__esp-dsp/CMakeFiles/__idf_espressif__esp-dsp.dir/modules/fft/fixed/dsps_fft2r_sc16_aes3.S.obj
[1036/1241] Building C object esp-idf/espressif__esp-dsp/CMakeFiles/__idf_espressif__esp-dsp.dir/modules/fft/float/dsps_fft2r_fc32_ansi.c.obj
[1037/1241] Building C object esp-idf/espressif__esp-dsp/CMakeFiles/__idf_espressif__esp-dsp.dir/modules/fft/float/dsps_fft4r_fc32_ansi.c.obj
[1038/1241] Building ASM object esp-idf/espressif__esp-dsp/CMakeFiles/__idf_espressif__esp-dsp.dir/modules/fft/fixed/dsps_fft2r_sc16_arp4.S.obj
[1039/1241] Building C object esp-idf/espressif__esp-dsp/CMakeFiles/__idf_espressif__esp-dsp.dir/modules/dct/float/dsps_dct_f32.c.obj
[1040/1241] Building C object esp-idf/espressif__esp-dsp/CMakeFiles/__idf_espressif__esp-dsp.dir/modules/dct/float/dsps_dctiv_f32.c.obj
[1041/1241] Building C object esp-idf/espressif__esp-dsp/CMakeFiles/__idf_espressif__esp-dsp.dir/modules/dct/float/dsps_dstiv_f32.c.obj
[1042/1241] Building C object esp-idf/espressif__esp-dsp/CMakeFiles/__idf_espressif__esp-dsp.dir/modules/fft/fixed/dsps_fft2r_sc16_ansi.c.obj
[1043/1241] Building C object esp-idf/espressif__esp-dsp/CMakeFiles/__idf_espressif__esp-dsp.dir/modules/support/misc/dsps_d_gen.c.obj
[1044/1241] Building C object esp-idf/espressif__esp-dsp/CMakeFiles/__idf_espressif__esp-dsp.dir/modules/support/misc/dsps_h_gen.c.obj
[1045/1241] Building C object esp-idf/espressif__esp-dsp/CMakeFiles/__idf_espressif__esp-dsp.dir/modules/support/misc/dsps_tone_gen.c.obj
[1046/1241] Building ASM object esp-idf/espressif__esp-dsp/CMakeFiles/__idf_espressif__esp-dsp.dir/modules/support/cplx_gen/dsps_cplx_gen.S.obj
[1047/1241] Building C object esp-idf/espressif__esp-dsp/CMakeFiles/__idf_espressif__esp-dsp.dir/modules/support/cplx_gen/dsps_cplx_gen.c.obj
[1048/1241] Building ASM object esp-idf/espressif__esp-dsp/CMakeFiles/__idf_espressif__esp-dsp.dir/modules/support/mem/esp32s3/dsps_memset_aes3.S.obj
[1049/1241] Building ASM object esp-idf/espressif__esp-dsp/CMakeFiles/__idf_espressif__esp-dsp.dir/modules/support/mem/esp32s3/dsps_memcpy_aes3.S.obj
[1050/1241] Building C object esp-idf/espressif__esp-dsp/CMakeFiles/__idf_espressif__esp-dsp.dir/modules/windows/hann/float/dsps_wind_hann_f32.c.obj
[1051/1241] Building C object esp-idf/espressif__esp-dsp/CMakeFiles/__idf_espressif__esp-dsp.dir/modules/support/cplx_gen/dsps_cplx_gen_init.c.obj
[1052/1241] Building C object esp-idf/espressif__esp-dsp/CMakeFiles/__idf_espressif__esp-dsp.dir/modules/windows/blackman/float/dsps_wind_blackman_f32.c.obj
[1053/1241] Building C object esp-idf/espressif__esp-dsp/CMakeFiles/__idf_espressif__esp-dsp.dir/modules/windows/blackman_harris/float/dsps_wind_blackman_harris_f32.c.obj
[1054/1241] Building C object esp-idf/espressif__esp-dsp/CMakeFiles/__idf_espressif__esp-dsp.dir/modules/windows/blackman_nuttall/float/dsps_wind_blackman_nuttall_f32.c.obj
[1055/1241] Building C object esp-idf/espressif__esp-dsp/CMakeFiles/__idf_espressif__esp-dsp.dir/modules/windows/nuttall/float/dsps_wind_nuttall_f32.c.obj
[1056/1241] Building C object esp-idf/espressif__esp-dsp/CMakeFiles/__idf_espressif__esp-dsp.dir/modules/windows/flat_top/float/dsps_wind_flat_top_f32.c.obj
[1057/1241] Building C object esp-idf/espressif__esp-dsp/CMakeFiles/__idf_espressif__esp-dsp.dir/modules/conv/float/dsps_conv_f32_ansi.c.obj
[1058/1241] Building CXX object esp-idf/espressif__esp-dsp/CMakeFiles/__idf_espressif__esp-dsp.dir/modules/support/snr/float/dsps_snr_f32.cpp.obj
[1059/1241] Building ASM object esp-idf/espressif__esp-dsp/CMakeFiles/__idf_espressif__esp-dsp.dir/modules/conv/float/dsps_conv_f32_ae32.S.obj
[1060/1241] Building C object esp-idf/espressif__esp-dsp/CMakeFiles/__idf_espressif__esp-dsp.dir/modules/conv/float/dsps_corr_f32_ansi.c.obj
[1061/1241] Building CXX object esp-idf/espressif__esp-dsp/CMakeFiles/__idf_espressif__esp-dsp.dir/modules/support/sfdr/float/dsps_sfdr_f32.cpp.obj
[1062/1241] Building ASM object esp-idf/espressif__esp-dsp/CMakeFiles/__idf_espressif__esp-dsp.dir/modules/conv/float/dsps_corr_f32_ae32.S.obj
[1063/1241] Building ASM object esp-idf/espressif__esp-dsp/CMakeFiles/__idf_espressif__esp-dsp.dir/modules/conv/float/dsps_ccorr_f32_ae32.S.obj
[1064/1241] Building C object esp-idf/espressif__esp-dsp/CMakeFiles/__idf_espressif__esp-dsp.dir/modules/conv/float/dspi_conv_f32_ansi.c.obj
[1065/1241] Building ASM object esp-idf/espressif__esp-dsp/CMakeFiles/__idf_espressif__esp-dsp.dir/modules/iir/biquad/dsps_biquad_f32_ae32.S.obj
[1066/1241] Building ASM object esp-idf/espressif__esp-dsp/CMakeFiles/__idf_espressif__esp-dsp.dir/modules/iir/biquad/dsps_biquad_sf32_ae32.S.obj
[1067/1241] Building ASM object esp-idf/espressif__esp-dsp/CMakeFiles/__idf_espressif__esp-dsp.dir/modules/iir/biquad/dsps_biquad_f32_aes3.S.obj
[1068/1241] Building C object esp-idf/espressif__esp-dsp/CMakeFiles/__idf_espressif__esp-dsp.dir/modules/conv/float/dsps_ccorr_f32_ansi.c.obj
[1069/1241] Building ASM object esp-idf/espressif__esp-dsp/CMakeFiles/__idf_espressif__esp-dsp.dir/modules/iir/biquad/dsps_biquad_f32_arp4.S.obj
[1070/1241] Building ASM object esp-idf/espressif__esp-dsp/CMakeFiles/__idf_espressif__esp-dsp.dir/modules/iir/biquad/dsps_biquad_sf32_arp4.S.obj
[1071/1241] Building C object esp-idf/espressif__esp-dsp/CMakeFiles/__idf_espressif__esp-dsp.dir/modules/iir/biquad/dsps_biquad_sf32_ansi.c.obj
[1072/1241] Building C object esp-idf/espressif__esp-dsp/CMakeFiles/__idf_espressif__esp-dsp.dir/modules/iir/biquad/dsps_biquad_f32_ansi.c.obj
[1073/1241] Building ASM object esp-idf/espressif__esp-dsp/CMakeFiles/__idf_espressif__esp-dsp.dir/modules/fir/float/dsps_fir_f32_ae32.S.obj
[1074/1241] Building ASM object esp-idf/espressif__esp-dsp/CMakeFiles/__idf_espressif__esp-dsp.dir/modules/fir/float/dsps_fir_f32_aes3.S.obj
[1075/1241] Building ASM object esp-idf/espressif__esp-dsp/CMakeFiles/__idf_espressif__esp-dsp.dir/modules/fir/float/dsps_fird_f32_ae32.S.obj
[1076/1241] Building CXX object esp-idf/espressif__esp-dsp/CMakeFiles/__idf_espressif__esp-dsp.dir/modules/support/view/dsps_view.cpp.obj
[1077/1241] Building ASM object esp-idf/espressif__esp-dsp/CMakeFiles/__idf_espressif__esp-dsp.dir/modules/fir/float/dsps_fird_f32_aes3.S.obj
[1078/1241] Building ASM object esp-idf/espressif__esp-dsp/CMakeFiles/__idf_espressif__esp-dsp.dir/modules/fir/float/dsps_fird_f32_arp4.S.obj
[1079/1241] Building C object esp-idf/espressif__esp-dsp/CMakeFiles/__idf_espressif__esp-dsp.dir/modules/iir/biquad/dsps_biquad_gen_f32.c.obj
[1080/1241] Building C object esp-idf/espressif__esp-dsp/CMakeFiles/__idf_espressif__esp-dsp.dir/modules/fir/float/dsps_fir_f32_ansi.c.obj
[1081/1241] Building C object esp-idf/espressif__esp-dsp/CMakeFiles/__idf_espressif__esp-dsp.dir/modules/fir/float/dsps_fir_init_f32.c.obj
[1082/1241] Building C object esp-idf/espressif__esp-dsp/CMakeFiles/__idf_espressif__esp-dsp.dir/modules/fir/float/dsps_fird_f32_ansi.c.obj
[1083/1241] Building ASM object esp-idf/espressif__esp-dsp/CMakeFiles/__idf_espressif__esp-dsp.dir/modules/fir/fixed/dsps_fird_s16_ae32.S.obj
[1084/1241] Building C object esp-idf/espressif__esp-dsp/CMakeFiles/__idf_espressif__esp-dsp.dir/modules/fir/float/dsps_fird_init_f32.c.obj
[1085/1241] Building ASM object esp-idf/espressif__esp-dsp/CMakeFiles/__idf_espressif__esp-dsp.dir/modules/fir/fixed/dsps_fird_s16_aes3.S.obj
[1086/1241] Building ASM object esp-idf/espressif__esp-dsp/CMakeFiles/__idf_espressif__esp-dsp.dir/modules/fir/fixed/dsps_fird_s16_arp4.S.obj
[1087/1241] Building C object esp-idf/espressif__esp-dsp/CMakeFiles/__idf_espressif__esp-dsp.dir/modules/fir/fixed/dsps_fird_init_s16.c.obj
[1088/1241] Building C object esp-idf/espressif__esp-dsp/CMakeFiles/__idf_espressif__esp-dsp.dir/modules/fir/fixed/dsps_fird_s16_ansi.c.obj
[1089/1241] Building C object esp-idf/unity/CMakeFiles/__idf_unity.dir/unity_compat.c.obj
[1090/1241] Building C object esp-idf/unity/CMakeFiles/__idf_unity.dir/unity_runner.c.obj
[1091/1241] Building C object esp-idf/unity/CMakeFiles/__idf_unity.dir/unity_utils_freertos.c.obj
[1092/1241] Building C object esp-idf/unity/CMakeFiles/__idf_unity.dir/unity_utils_cache.c.obj
[1093/1241] Building C object esp-idf/unity/CMakeFiles/__idf_unity.dir/unity_utils_memory.c.obj
[1094/1241] Building C object esp-idf/unity/CMakeFiles/__idf_unity.dir/unity/src/unity.c.obj
[1095/1241] Building C object esp-idf/unity/CMakeFiles/__idf_unity.dir/unity_port_esp32.c.obj
[1096/1241] Building C object esp-idf/unity/CMakeFiles/__idf_unity.dir/port/esp/unity_utils_memory_esp.c.obj
[1097/1241] Linking C static library esp-idf/console/libconsole.a
[1098/1241] Linking C static library esp-idf/protobuf-c/libprotobuf-c.a
[1099/1241] Building C object esp-idf/protocomm/CMakeFiles/__idf_protocomm.dir/proto-c/constants.pb-c.c.obj
[1100/1241] Building C object esp-idf/protocomm/CMakeFiles/__idf_protocomm.dir/proto-c/sec0.pb-c.c.obj
[1101/1241] Building C object esp-idf/protocomm/CMakeFiles/__idf_protocomm.dir/src/common/protocomm.c.obj
[1102/1241] Building C object esp-idf/esp_https_server/CMakeFiles/__idf_esp_https_server.dir/src/https_server.c.obj
[1103/1241] Building C object esp-idf/protocomm/CMakeFiles/__idf_protocomm.dir/proto-c/sec2.pb-c.c.obj
[1104/1241] Building C object esp-idf/protocomm/CMakeFiles/__idf_protocomm.dir/proto-c/sec1.pb-c.c.obj
[1105/1241] Building C object esp-idf/protocomm/CMakeFiles/__idf_protocomm.dir/proto-c/session.pb-c.c.obj
[1106/1241] Building C object esp-idf/protocomm/CMakeFiles/__idf_protocomm.dir/src/security/security0.c.obj
[1107/1241] Building C object esp-idf/protocomm/CMakeFiles/__idf_protocomm.dir/src/transports/protocomm_console.c.obj
[1108/1241] Building C object esp-idf/protocomm/CMakeFiles/__idf_protocomm.dir/src/transports/protocomm_httpd.c.obj
[1109/1241] Building C object esp-idf/protocomm/CMakeFiles/__idf_protocomm.dir/src/security/security1.c.obj
[1110/1241] Building C object esp-idf/protocomm/CMakeFiles/__idf_protocomm.dir/src/crypto/srp6a/esp_srp.c.obj
[1111/1241] Building CXX object esp-idf/espressif__esp-dsp/CMakeFiles/__idf_espressif__esp-dsp.dir/modules/matrix/mat/mat.cpp.obj
[1112/1241] Building C object esp-idf/protocomm/CMakeFiles/__idf_protocomm.dir/src/security/security2.c.obj
[1113/1241] Building C object esp-idf/protocomm/CMakeFiles/__idf_protocomm.dir/src/crypto/srp6a/esp_srp_mpi.c.obj
[1114/1241] Building CXX object esp-idf/wear_levelling/CMakeFiles/__idf_wear_levelling.dir/Partition.cpp.obj
[1115/1241] Building CXX object esp-idf/wear_levelling/CMakeFiles/__idf_wear_levelling.dir/SPI_Flash.cpp.obj
[1116/1241] Building CXX object esp-idf/wear_levelling/CMakeFiles/__idf_wear_levelling.dir/WL_Ext_Perf.cpp.obj
[1117/1241] Building CXX object esp-idf/wear_levelling/CMakeFiles/__idf_wear_levelling.dir/WL_Ext_Safe.cpp.obj
[1118/1241] Linking C static library esp-idf/json/libjson.a
[1119/1241] Building CXX object esp-idf/wear_levelling/CMakeFiles/__idf_wear_levelling.dir/wear_levelling.cpp.obj
[1120/1241] Linking C static library esp-idf/spiffs/libspiffs.a
[1121/1241] Linking C static library esp-idf/usb/libusb.a
[1122/1241] Linking C static library esp-idf/voicekey_core/libvoicekey_core.a
[1123/1241] Linking C static library esp-idf/espressif__tinyusb/libespressif__tinyusb.a
[1124/1241] Linking C static library esp-idf/espressif__dl_fft/libespressif__dl_fft.a
[1125/1241] Building C object esp-idf/voicekey_usb/CMakeFiles/__idf_voicekey_usb.dir/usb_descriptors.c.obj
[1126/1241] Building C object esp-idf/voicekey_usb/CMakeFiles/__idf_voicekey_usb.dir/usb_device.c.obj
[1127/1241] Building CXX object esp-idf/wear_levelling/CMakeFiles/__idf_wear_levelling.dir/WL_Flash.cpp.obj
[1128/1241] Building C object esp-idf/espressif__esp-sr/CMakeFiles/__idf_espressif__esp-sr.dir/src/esp_process_sdkconfig.c.obj
[1129/1241] Building C object esp-idf/espressif__esp-sr/CMakeFiles/__idf_espressif__esp-sr.dir/src/esp_mn_speech_commands.c.obj
[1130/1241] Building C object esp-idf/espressif__esp-sr/CMakeFiles/__idf_espressif__esp-sr.dir/src/model_path.c.obj
[1131/1241] Building C object esp-idf/app_trace/CMakeFiles/__idf_app_trace.dir/app_trace.c.obj
[1132/1241] Building C object esp-idf/app_trace/CMakeFiles/__idf_app_trace.dir/host_file_io.c.obj
[1133/1241] Linking C static library esp-idf/unity/libunity.a
[1134/1241] Building C object esp-idf/app_trace/CMakeFiles/__idf_app_trace.dir/app_trace_util.c.obj
[1135/1241] Building C object esp-idf/app_trace/CMakeFiles/__idf_app_trace.dir/port/port_uart.c.obj
[1136/1241] Building C object esp-idf/cmock/CMakeFiles/__idf_cmock.dir/CMock/src/cmock.c.obj
[1137/1241] Building C object esp-idf/esp_driver_cam/CMakeFiles/__idf_esp_driver_cam.dir/esp_cam_ctlr.c.obj
[1138/1241] Building C object esp-idf/esp_driver_cam/CMakeFiles/__idf_esp_driver_cam.dir/dvp_share_ctrl.c.obj
[1139/1241] Building C object esp-idf/esp_driver_cam/CMakeFiles/__idf_esp_driver_cam.dir/dvp/src/esp_cam_ctlr_dvp_gdma.c.obj
[1140/1241] Building CXX object esp-idf/espressif__esp-dsp/CMakeFiles/__idf_espressif__esp-dsp.dir/modules/kalman/ekf_imu13states/ekf_imu13states.cpp.obj
[1141/1241] Building C object esp-idf/esp_driver_touch_sens/CMakeFiles/__idf_esp_driver_touch_sens.dir/common/touch_sens_common.c.obj
[1142/1241] Building C object esp-idf/esp_driver_cam/CMakeFiles/__idf_esp_driver_cam.dir/dvp/src/esp_cam_ctlr_dvp_cam.c.obj
[1143/1241] Building C object esp-idf/esp_driver_touch_sens/CMakeFiles/__idf_esp_driver_touch_sens.dir/hw_ver2/touch_version_specific.c.obj
[1144/1241] Building CXX object esp-idf/espressif__esp-dsp/CMakeFiles/__idf_espressif__esp-dsp.dir/modules/kalman/ekf/common/ekf.cpp.obj
[1145/1241] Building C object esp-idf/esp_hid/CMakeFiles/__idf_esp_hid.dir/src/esp_hidd.c.obj
[1146/1241] Building C object esp-idf/esp_eth/CMakeFiles/__idf_esp_eth.dir/src/esp_eth.c.obj
[1147/1241] Linking C static library esp-idf/esp_https_server/libesp_https_server.a
[1148/1241] Building C object esp-idf/esp_eth/CMakeFiles/__idf_esp_eth.dir/src/esp_eth_netif_glue.c.obj
[1149/1241] Building C object esp-idf/esp_hid/CMakeFiles/__idf_esp_hid.dir/src/esp_hidh.c.obj
[1150/1241] Building C object esp-idf/esp_hid/CMakeFiles/__idf_esp_hid.dir/src/esp_hid_common.c.obj
[1151/1241] Building C object esp-idf/esp_lcd/CMakeFiles/__idf_esp_lcd.dir/src/esp_lcd_common.c.obj
[1152/1241] Building C object esp-idf/esp_eth/CMakeFiles/__idf_esp_eth.dir/src/phy/esp_eth_phy_802_3.c.obj
[1153/1241] Building C object esp-idf/esp_lcd/CMakeFiles/__idf_esp_lcd.dir/src/esp_lcd_panel_io.c.obj
[1154/1241] Building C object esp-idf/esp_lcd/CMakeFiles/__idf_esp_lcd.dir/src/esp_lcd_panel_nt35510.c.obj
[1155/1241] Building C object esp-idf/esp_lcd/CMakeFiles/__idf_esp_lcd.dir/src/esp_lcd_panel_ssd1306.c.obj
[1156/1241] Building C object esp-idf/esp_lcd/CMakeFiles/__idf_esp_lcd.dir/src/esp_lcd_panel_ops.c.obj
[1157/1241] Building C object esp-idf/esp_lcd/CMakeFiles/__idf_esp_lcd.dir/i2c/esp_lcd_panel_io_i2c_v1.c.obj
[1158/1241] Building C object esp-idf/esp_lcd/CMakeFiles/__idf_esp_lcd.dir/src/esp_lcd_panel_st7789.c.obj
[1159/1241] Linking C static library esp-idf/protocomm/libprotocomm.a
[1160/1241] Building C object esp-idf/esp_lcd/CMakeFiles/__idf_esp_lcd.dir/i2c/esp_lcd_panel_io_i2c_v2.c.obj
[1161/1241] Linking C static library esp-idf/espressif__esp-dsp/libespressif__esp-dsp.a
[1162/1241] Building C object esp-idf/esp_lcd/CMakeFiles/__idf_esp_lcd.dir/spi/esp_lcd_panel_io_spi.c.obj
[1163/1241] Building C object esp-idf/esp_local_ctrl/CMakeFiles/__idf_esp_local_ctrl.dir/src/esp_local_ctrl_handler.c.obj
[1164/1241] Building C object esp-idf/espcoredump/CMakeFiles/__idf_espcoredump.dir/src/core_dump_init.c.obj
[1165/1241] Building C object esp-idf/esp_local_ctrl/CMakeFiles/__idf_esp_local_ctrl.dir/proto-c/esp_local_ctrl.pb-c.c.obj
[1166/1241] Building C object esp-idf/esp_local_ctrl/CMakeFiles/__idf_esp_local_ctrl.dir/src/esp_local_ctrl.c.obj
[1167/1241] Building C object esp-idf/esp_local_ctrl/CMakeFiles/__idf_esp_local_ctrl.dir/src/esp_local_ctrl_transport_httpd.c.obj
[1168/1241] Building C object esp-idf/esp_lcd/CMakeFiles/__idf_esp_lcd.dir/i80/esp_lcd_panel_io_i80.c.obj
[1169/1241] Building C object esp-idf/espcoredump/CMakeFiles/__idf_espcoredump.dir/src/core_dump_common.c.obj
[1170/1241] Building C object esp-idf/espcoredump/CMakeFiles/__idf_espcoredump.dir/src/core_dump_sha.c.obj
[1171/1241] Building C object esp-idf/espcoredump/CMakeFiles/__idf_espcoredump.dir/src/core_dump_elf.c.obj
[1172/1241] Building C object esp-idf/espcoredump/CMakeFiles/__idf_espcoredump.dir/src/core_dump_uart.c.obj
[1173/1241] Building C object esp-idf/espcoredump/CMakeFiles/__idf_espcoredump.dir/src/core_dump_crc.c.obj
[1174/1241] Building C object esp-idf/espcoredump/CMakeFiles/__idf_espcoredump.dir/src/core_dump_flash.c.obj
[1175/1241] Building C object esp-idf/espcoredump/CMakeFiles/__idf_espcoredump.dir/src/core_dump_binary.c.obj
[1176/1241] Linking C static library esp-idf/wear_levelling/libwear_levelling.a
[1177/1241] Building C object esp-idf/espcoredump/CMakeFiles/__idf_espcoredump.dir/src/port/xtensa/core_dump_port.c.obj
[1178/1241] Building C object esp-idf/fatfs/CMakeFiles/__idf_fatfs.dir/diskio/diskio_rawflash.c.obj
[1179/1241] Building C object esp-idf/fatfs/CMakeFiles/__idf_fatfs.dir/diskio/diskio_wl.c.obj
[1180/1241] Building C object esp-idf/esp_lcd/CMakeFiles/__idf_esp_lcd.dir/rgb/esp_lcd_panel_rgb.c.obj
[1181/1241] Building C object esp-idf/fatfs/CMakeFiles/__idf_fatfs.dir/diskio/diskio.c.obj
[1182/1241] Building C object esp-idf/fatfs/CMakeFiles/__idf_fatfs.dir/src/ffunicode.c.obj
[1183/1241] Building C object esp-idf/fatfs/CMakeFiles/__idf_fatfs.dir/port/freertos/ffsystem.c.obj
[1184/1241] Building C object esp-idf/fatfs/CMakeFiles/__idf_fatfs.dir/diskio/diskio_sdmmc.c.obj
[1185/1241] Building C object esp-idf/fatfs/CMakeFiles/__idf_fatfs.dir/vfs/vfs_fat_sdmmc.c.obj
[1186/1241] Building C object esp-idf/fatfs/CMakeFiles/__idf_fatfs.dir/vfs/vfs_fat_spiflash.c.obj
[1187/1241] Building C object esp-idf/fatfs/CMakeFiles/__idf_fatfs.dir/vfs/vfs_fat.c.obj
[1188/1241] Building C object esp-idf/mqtt/CMakeFiles/__idf_mqtt.dir/esp-mqtt/lib/mqtt_msg.c.obj
[1189/1241] Building C object esp-idf/mqtt/CMakeFiles/__idf_mqtt.dir/esp-mqtt/lib/platform_esp32_idf.c.obj
[1190/1241] Building C object esp-idf/perfmon/CMakeFiles/__idf_perfmon.dir/xtensa_perfmon_access.c.obj
[1191/1241] Building C object esp-idf/mqtt/CMakeFiles/__idf_mqtt.dir/esp-mqtt/lib/mqtt_outbox.c.obj
[1192/1241] Building C object esp-idf/nvs_sec_provider/CMakeFiles/__idf_nvs_sec_provider.dir/nvs_sec_provider.c.obj
[1193/1241] Building C object esp-idf/perfmon/CMakeFiles/__idf_perfmon.dir/xtensa_perfmon_apis.c.obj
[1194/1241] Building C object esp-idf/rt/CMakeFiles/__idf_rt.dir/FreeRTOS_POSIX_utils.c.obj
[1195/1241] Building C object esp-idf/fatfs/CMakeFiles/__idf_fatfs.dir/src/ff.c.obj
[1196/1241] Building C object esp-idf/rt/CMakeFiles/__idf_rt.dir/FreeRTOS_POSIX_mqueue.c.obj
[1197/1241] Building C object esp-idf/touch_element/CMakeFiles/__idf_touch_element.dir/touch_button.c.obj
[1198/1241] Building C object esp-idf/wifi_provisioning/CMakeFiles/__idf_wifi_provisioning.dir/src/wifi_config.c.obj
[1199/1241] Building C object esp-idf/mqtt/CMakeFiles/__idf_mqtt.dir/esp-mqtt/mqtt_client.c.obj
[1200/1241] Building C object esp-idf/wifi_provisioning/CMakeFiles/__idf_wifi_provisioning.dir/src/wifi_ctrl.c.obj
[1201/1241] Building C object esp-idf/touch_element/CMakeFiles/__idf_touch_element.dir/touch_matrix.c.obj
[1202/1241] Building C object esp-idf/touch_element/CMakeFiles/__idf_touch_element.dir/touch_slider.c.obj
[1203/1241] Building C object esp-idf/touch_element/CMakeFiles/__idf_touch_element.dir/touch_element.c.obj
[1204/1241] Building C object esp-idf/wifi_provisioning/CMakeFiles/__idf_wifi_provisioning.dir/src/wifi_scan.c.obj
[1205/1241] Building C object esp-idf/wifi_provisioning/CMakeFiles/__idf_wifi_provisioning.dir/src/handlers.c.obj
[1206/1241] Building C object esp-idf/wifi_provisioning/CMakeFiles/__idf_wifi_provisioning.dir/src/scheme_console.c.obj
[1207/1241] Building C object esp-idf/wifi_provisioning/CMakeFiles/__idf_wifi_provisioning.dir/proto-c/wifi_config.pb-c.c.obj
[1208/1241] Linking C static library esp-idf/voicekey_usb/libvoicekey_usb.a
[1209/1241] Building C object esp-idf/wifi_provisioning/CMakeFiles/__idf_wifi_provisioning.dir/proto-c/wifi_ctrl.pb-c.c.obj
[1210/1241] Building C object esp-idf/wifi_provisioning/CMakeFiles/__idf_wifi_provisioning.dir/proto-c/wifi_scan.pb-c.c.obj
[1211/1241] Building C object esp-idf/wifi_provisioning/CMakeFiles/__idf_wifi_provisioning.dir/proto-c/wifi_constants.pb-c.c.obj
[1212/1241] Linking C static library esp-idf/espressif__esp-sr/libespressif__esp-sr.a
[1213/1241] Building C object esp-idf/wifi_provisioning/CMakeFiles/__idf_wifi_provisioning.dir/src/scheme_softap.c.obj
[1214/1241] Building C object esp-idf/main/CMakeFiles/__idf_main.dir/app_main.c.obj
[1215/1241] Building C object esp-idf/main/CMakeFiles/__idf_main.dir/board.c.obj
[1216/1241] Building C object esp-idf/main/CMakeFiles/__idf_main.dir/audio_input.c.obj
[1217/1241] Linking C static library esp-idf/app_trace/libapp_trace.a
[1218/1241] Linking C static library esp-idf/cmock/libcmock.a
[1219/1241] Linking C static library esp-idf/esp_driver_touch_sens/libesp_driver_touch_sens.a
[1220/1241] Linking C static library esp-idf/esp_driver_cam/libesp_driver_cam.a
[1221/1241] Linking C static library esp-idf/esp_eth/libesp_eth.a
[1222/1241] Building C object esp-idf/wifi_provisioning/CMakeFiles/__idf_wifi_provisioning.dir/src/manager.c.obj
[1223/1241] Building C object esp-idf/main/CMakeFiles/__idf_main.dir/runtime.c.obj
[1224/1241] Building C object esp-idf/main/CMakeFiles/__idf_main.dir/wake_engine.c.obj
[1225/1241] Linking C static library esp-idf/esp_lcd/libesp_lcd.a
[1226/1241] Linking C static library esp-idf/esp_hid/libesp_hid.a
[1227/1241] Linking C static library esp-idf/esp_local_ctrl/libesp_local_ctrl.a
[1228/1241] Linking C static library esp-idf/espcoredump/libespcoredump.a
[1229/1241] Linking C static library esp-idf/nvs_sec_provider/libnvs_sec_provider.a
[1230/1241] Linking C static library esp-idf/perfmon/libperfmon.a
[1231/1241] Linking C static library esp-idf/rt/librt.a
[1232/1241] Linking C static library esp-idf/mqtt/libmqtt.a
[1233/1241] Linking C static library esp-idf/fatfs/libfatfs.a
[1234/1241] Linking C static library esp-idf/touch_element/libtouch_element.a
[1235/1241] Linking C static library esp-idf/main/libmain.a
[1236/1241] Linking C static library esp-idf/wifi_provisioning/libwifi_provisioning.a
[1237/1241] Generating esp-idf/esp_system/ld/sections.ld
[1238/1241] Linking CXX executable voicekey.elf
[1239/1241] Generating binary image from built executable
esptool.py v4.12.0
Creating esp32s3 image...
Merged 2 ELF sections
Successfully created esp32s3 image.
Generated /Users/joy/projects/LMic/firmware/build/voicekey.bin
[1240/1241] cd /Users/joy/projects/LMic/firmware/build/esp-idf/esptool_py && /Users/joy/.espressif/python_env/idf5.5_py3.11_env/bin/python /Users/joy/esp/esp-idf-v5.5.2/components/partition_table/check_sizes.py --offset 0x8000 partition --type app /Users/joy/projects/LMic/firmware/build/partition_table/partition-table.bin /Users/joy/projects/LMic/firmware/build/voicekey.bin
voicekey.bin binary size 0x64ab0 bytes. Smallest app partition is 0x400000 bytes. 0x39b550 bytes (90%) free.

Project build complete. To flash, run:
 idf.py flash
or
 idf.py -p PORT flash
or
 python -m esptool --chip esp32s3 -b 460800 --before default_reset --after hard_reset write_flash --flash_mode dio --flash_size 8MB --flash_freq 80m 0x0 build/bootloader/bootloader.bin 0x8000 build/partition_table/partition-table.bin 0x10000 build/voicekey.bin 0x410000 build/srmodels/srmodels.bin
or from the "/Users/joy/projects/LMic/firmware/build" directory
 python -m esptool --chip esp32s3 -b 460800 --before default_reset --after hard_reset write_flash "@flash_args"
bootloader/bootloader.bin | 0x0 | 22464 | 85ab3f61e5d257cb9d1be152ae3a0e2111460b407df352991f8e60456765c71d
voicekey.bin | 0x10000 | 412336 | 6898998ef968858a4413dc8be684875bbf691955a82577f355aa5bffed1e5575
partition_table/partition-table.bin | 0x8000 | 3072 | 2b20bd22ecb09964c233a82504470c6818863aea98e4250ea4321d9e88fe8a10
srmodels/srmodels.bin | 0x410000 | 291036 | e5db8f99ee6f141333ce4de39279e150668a367f4b4e1c5daccdeafdb04662e8
PASS: 8 MB headers/configuration, partition MD5/integrity/types/flags/bounds, NVS/PHY, 4 MB app, 3 MB model, no OTA or led_strip
